links	description_jp	description	name_jp	name	coordinates	type	type
https://www.youtube.com/post/UgkxJXG67aUD2ZQlDw4C95i6ReL9mtEQVx8h	äººã€…ã®æ­´å²ã¨æƒ³ã„ã‚’å—ã‘ç¶™ã„ã§ã€€å¤§åˆ‡ã«ã—ç¶šã‘ã‚‹è¡—ã€ç´å¹³ç”ºã€‚ã€€é¦™å·çœŒç´å¹³ç”ºğŸ—¾	A town that carries on the history and feelings of its people, and continues to cherish them: Kotohira Town. Kotohira Town, Kagawa Prefecture ğŸ—¾	ç´å¹³ç”º	Kotohira-chou	34.18907744534806, 133.81927533518757	scenery	others
https://x.com/akaihaato/status/1967566453919645731	æ­´å²ãŒæ·±ãã¦ç´ æ•µãªè¡—ã€‚ã€€ç´å¹³ç”ºã€ã¾ãŸè¡ŒããŸã„â—ï¸	A town rich in history and full of charm. I want to visit Kotohira againâ—ï¸	ç´å¹³ç”º	Kotohira-chou	34.18907744534806, 133.81927533518757	scenery	others
https://youtu.be/A8V5nEwb3sc?t=1711	ã€ æ—… ã€‘ã€Œç´å¹³ã€ã‚’ç››ã‚Šä¸Šã’ã‚‹!!åœ°å…ƒã®çš†ã•ã‚“ã¨é­…åŠ›å¤§ç´¹ä»‹ï½ï½ï½ï¼ï¼ğŸšƒâœ¨	[Trip] Let's boost Kotohira!! A big showcase of its charm with the local community~~~!!ğŸšƒâœ¨	KOTOVEGAS	Kotovegas	34.18905017756578, 133.82173021779178	hotel	hotel
https://youtu.be/A8V5nEwb3sc?t=302	ã€ æ—… ã€‘ã€Œç´å¹³ã€ã‚’ç››ã‚Šä¸Šã’ã‚‹!!åœ°å…ƒã®çš†ã•ã‚“ã¨é­…åŠ›å¤§ç´¹ä»‹ï½ï½ï½ï¼ï¼ğŸšƒâœ¨	[Trip] Let's boost Kotohira!! A big showcase of its charm with the local community~~~!!ğŸšƒâœ¨	è¥¿é‡é‡‘é™µ æœ¬åº—	Nishino Kinryo (è¥¿é‡é‡‘é™µ æœ¬åº—)	34.18760926181631, 133.81895198098127	shop	shop
https://www.youtube.com/post/UgkxZjLtYYSaWitFKotMGi9fvJwtNnz8xlv5	ã“ã“ã¯æ›‡ã‚Šã€ã‚ã¡ã‚‰ã¯æ™´ã‚Œæ¨¡æ§˜ã€€éš£ã®ç©ºã¯é’ã„ã§ã™ã­ã€‚ - åƒè‘‰ğŸ—¾	It's cloudy here, but sunny over there. The sky next door is so blue.	æµœé‡‘è°·é§…	Hamakanaya Station	35.16814849580906, 139.82227801921616	station	station
https://x.com/akaihaato/status/1967363940339548459	ä»Šæ—¥ã‚‚ç¦ã‚’æ‹›ãçŒ«ğŸˆğŸ¾		---				
https://www.youtube.com/post/UgkxMhNEGPosHvSRFyOuPaBKaYiFsGPwq7gs	å¾Œã‚ã‚’æŒ¯ã‚Šè¿”ã‚‹ã“ã¨ã¯ã‚ã£ã¦ã‚‚ã€æˆ»ã‚Œã¯ã—ãªã„ã€‚ã€€äººç”Ÿã¯é€²ã‚“ã§ã„ãã€‚ã€€æ ƒæœ¨ğŸ—¾SLå¤§æ¨¹ğŸš‚	We may look back, but we can never return. Life keeps moving forward.	é¬¼æ€’å·æ¸©æ³‰é§…	Kinugawa-onsen Station	36.82300736272695, 139.71706116092307	station	station
https://x.com/akaihaato/status/1966886722039672944	ã•ã‚ˆãªã‚‰ã€ä»Šæ—¥ã€‚ã€€æ˜æ—¥ã¸ã€å‡ºç™ºé€²è¡Œï¼	Goodbye, today. Full speed ahead into tomorrow!	é¬¼æ€’å·æ¸©æ³‰é§…	Kinugawa-onsen Station	36.82300736272695, 139.71706116092307	station	station
https://x.com/akaihaato/status/1966327902397722720	å‘‘æ°—ã«æ•£æ­©ã—ã¦ãŸãŒã€ç›®çš„åœ°ã¨çœŸé€†ã§ã‚ã‚‹	I was casually out for a walk, but ended up going in the complete opposite direction of my destination.	35.468410411197304, 139.6194755541965	35.468410411197304, 139.6194755541965	35.468410411197304, 139.6194755541965	scenery	others
https://x.com/akaihaato/status/1966083375976034559	æœŸé–“é™å®šã®ãƒ•ãƒ«ãƒ¼ãƒ„ã£ã¦ç‰¹åˆ¥æ„Ÿã‚ã£ã¦å¥½ãğŸ‘		---				
https://x.com/akaihaato/status/1965969986532577454	ã“ã®å‰ã€ç­‰ã€…åŠ›æ¸“è°·è¡Œã£ã¦1ç•ªé©šã„ãŸäº‹ã€€ã‚µãƒ©ãƒ»ãƒ»ãƒ»ãƒ»ãƒ»ã¡ã‚ƒã¾â‰ï¸	The most surprising thing when I went to Todoroki Valley recently: Sara... chamaâ‰ï¸	ç­‰ã€…åŠ›æ¸“è°·	Todoroki Valley	35.60521658413865, 139.64564826861238	attraction	attraction
https://x.com/akaihaato/status/1965257301629227299	èµ¤äº•ãƒãƒˆã¯ãŠã²ã¨ã‚Šæ§˜ãƒ‡ãƒ¼ãƒˆä¸­ğŸ«¶	Solo date with Akai Hato (TL note: Hato means pigeons or doves)	äº•ã®é ­å…¬åœ’ ãƒœãƒ¼ãƒˆå ´	Inokashira Boat house	35.69950256848502, 139.57713765175905	sail	sail
https://x.com/akaihaato/status/1965251023037235498	è‰²ã‚“ãªé³¥ãŸã¡ã®ãƒ‡ãƒ¼ãƒˆã‚¹ãƒãƒƒãƒˆğŸ›¶	A dating spot for all kinds of birds ğŸ›¶	äº•ã®é ­å…¬åœ’ ãƒœãƒ¼ãƒˆå ´	Inokashira Boat house	35.69950256848502, 139.57713765175905	sail	sail
https://www.youtube.com/post/UgkxO2_oo7SgnKM3EEjaSecX_UPD76k-bN_-	è‡ªè»¢è»Šã§å³¶ã‚’å·¡ã‚‹ã¨ã€ã‚°ãƒƒã¨ãã‚‹è£è·¯åœ°ã‚’è¦‹ã¤ã‘ãŸã€‚ã€€In å°è±†å³¶ğŸ—¾	While cycling around the island, I stumbled upon a back alley that really moved me. - in Shoudoshima ğŸ—¾	å°è±†å³¶	Shodoshima	34.50575412603945, 134.30469910725583	scenery	others
https://x.com/akaihaato/status/1963764353712230501	ãƒ–ãƒ©ãƒƒã‚¯çˆç²ã§å¤§äººæ°—åˆ†ã€€ã„ã¤ã®é–“ã«ã€ç”˜ã„â˜•ï¸		---				
https://x.com/akaihaato/status/1963646798440120693	æ·±å¤œã®ãƒˆãƒ³ãƒãƒ«ã«ã¯ã€ã”æ³¨æ„ã‚’	Watch out for tunnels late at night.	æ—§å°å³°ãƒˆãƒ³ãƒãƒ«	Old Komine Tunnel	35.7154937933538, 139.23195938360286	horror	horror
https://www.youtube.com/post/UgkxgUoXFhgLJFEHgg_VeTWee4lNr-LEsJXj	éƒ½ä¼šã®ç©ºã‚’è¦‹ä¸Šã’ã‚‹ã¨ã€èˆ¹æ—…ã‚’ã—ã¦ã„ã‚‹æ±Ÿæˆ¸ã£å­ãŒã„ãŸã€‚ã€€In æ±äº¬ğŸ—¾	When I looked up at the city sky, I saw an Edo-period traveler sailing through it - in Tokyo ğŸ—¾	35.64661471851083, 139.70492617158362	35.64661471851083, 139.70492617158362	35.64661471851083, 139.70492617158362	scenery	others
https://x.com/akaihaato/status/1962654618565136393	æœé£Ÿå¾Œã«ã€éƒ¨å±‹ã«æˆ»ã‚‹ã¨ãŠèŒ¶ãŒç”¨æ„ã•ã‚Œã¦ãŠã‚Šã€€ãƒ†ã‚£ãƒ¼ã‚«ãƒƒãƒ—ãŒã‚ã¾ã‚Šã«ã‚‚ç´ æ•µã§è¦‹æƒšã‚Œã¾ã—ãŸã€‚ã€€è‰ã®å£°ã‚’è´ããªãŒã‚‰ã€ã‚†ã£ãã‚Šå‡ºæ¥ã¾ã—ãŸã€‚â€¦	After breakfast, I returned to my room to find tea already prepared. The teacup was so exquisite, I couldn't help but be captivated by it. With the sound of cicadas in the background, I was able to relax completely...	åƒæ­³æ¥¼ï¼ˆé¤Šè€ç”ºï¼‰	Senzairou, Yoro	35.28438274745352, 136.5411246004391	hotel	hotel
https://x.com/akaihaato/status/1962651447163761073	å¿˜ã‚Œã‚‰ã‚Œãªã„ã€æœã®ã²ã¨ã¨ãã€‚	An unforgettable morning moment.	åƒæ­³æ¥¼ï¼ˆé¤Šè€ç”ºï¼‰	Senzairou, Yoro	35.28438274745352, 136.5411246004391	hotel	hotel
https://www.youtube.com/post/Ugkxjod5Sf0J0flJRHXMeotWb5-WSSKxJ-A1	å­¦æ ¡ã®å±‹ä¸Šã‹ã‚‰æµ·ã‚’çœºã‚ã¦ã‚‹ã¿ãŸã„â•ã€€In é¦™å·çœŒğŸ—¾	It feels like I'm gazing at the sea from the school rooftopâ• - in Kagawa Prefecture ğŸ—¾	é«˜æ¾ã€œå°è±†å³¶ åœŸåº„ ãƒ•ã‚§ãƒªãƒ¼	Ferry, Takamatsu - Tonosho (Shodoshima)	34.47973424162642, 134.13428031433767	sail	sail
https://youtu.be/SC6mSzawuLA?t=532	ã€å¿ƒéœŠã€‘ã¯ã‚ã¡ã‚ƒã¾ã€å¿ƒéœŠã‚¹ãƒãƒƒãƒˆå·¡ç¤¼ãƒ„ã‚¢ãƒ¼ã¸è¡Œãï¼ï¼Ÿã€ãƒ›ãƒ©ãƒ¼ã€‘	[Paranormal] Haachama goes on a haunted spot pilgrimage tour!? [Horror]	æ—§å°å³°ãƒˆãƒ³ãƒãƒ«	Old Komine Tunnel	35.7154937933538, 139.23195938360286	horror	horror
https://youtu.be/SC6mSzawuLA?t=262	ã€å¿ƒéœŠã€‘ã¯ã‚ã¡ã‚ƒã¾ã€å¿ƒéœŠã‚¹ãƒãƒƒãƒˆå·¡ç¤¼ãƒ„ã‚¢ãƒ¼ã¸è¡Œãï¼ï¼Ÿã€ãƒ›ãƒ©ãƒ¼ã€‘	[Paranormal] Haachama goes on a haunted spot pilgrimage tour!? [Horror]	å°æ´¥ç”ºãƒã‚¹åœ	Otsumachi bus stop (å°æ´¥ç”ºãƒã‚¹åœ)	35.678604252564995, 139.232556335888	horror	horror
https://youtu.be/SC6mSzawuLA?t=48	ã€å¿ƒéœŠã€‘ã¯ã‚ã¡ã‚ƒã¾ã€å¿ƒéœŠã‚¹ãƒãƒƒãƒˆå·¡ç¤¼ãƒ„ã‚¢ãƒ¼ã¸è¡Œãï¼ï¼Ÿã€ãƒ›ãƒ©ãƒ¼ã€‘	[Paranormal] Haachama goes on a haunted spot pilgrimage tour!? [Horror]	æ–°äº•è¸åˆ‡ï¼ˆæ¹¯ã®èŠ±ãƒˆãƒ³ãƒãƒ«ï¼‰	Arai railroad crossing (Inohana Tunnel Memorial Monument)	35.63982862941475, 139.25685415104516	horror	horror
https://www.youtube.com/post/UgkxsfYDGviNvF1rA6wOo30SuOOul7-weMQ7	è’¸ã—æš‘ã•ã‚‚ã€è‰ã®å£°ã‚‚ã€å¤ã‹ã—ã„ã­ã€œğŸšƒã€€In æ±äº¬ğŸ—¾	The muggy heat and the sound of cicadas: they're all so nostalgically summer-like ğŸšƒ - in Tokyo ğŸ—¾	ç­‰ã€…åŠ›é§…	Todoroki Station	36.72569985510373, 139.69238608339808	station	station
https://x.com/akaihaato/status/1961945113204273317	æœã«è¦‹ã‚‹ç´é›»ãŒç¥ã€…ã—ã‹ã£ãŸ	The Kotoden train in the morning looked absolutely divine.	ç´é›»ç´å¹³é§…	Kotoden-Kotohira Station	34.190895968015774, 133.8193059814612	station	station
https://youtu.be/vNNJG2wtd_Y?t=5337	ã€ æ—… ã€‘ã¡ã‚ƒã¾ã¨æ—…ã™ã‚‹ï¼é¦™å·ã®å°è±†å³¶å·¡ã‚Šã ã‚ã‚ã‚ï½ï½ï½ï¼ï¼ï¼ğŸš²âœ¨ï¼ˆå¾Œç·¨ï¼‰ã€ãƒ›ãƒ­ãƒ©ã‚¤ãƒ–/èµ¤äº•ã¯ã‚ã¨ã€‘	[Trip] (Second half) Have a trip with chama! Hopping around Kagawa's Shoudoshima!!!âœ¨ğŸšƒ	äºŒåå››ã®ç³æ˜ ç”»æ‘	Twenty-Four Eyes Movie Studio	34.44585637528138, 134.28543715566548	attraction	attraction
https://youtu.be/vNNJG2wtd_Y?t=4397	ã€ æ—… ã€‘ã¡ã‚ƒã¾ã¨æ—…ã™ã‚‹ï¼é¦™å·ã®å°è±†å³¶å·¡ã‚Šã ã‚ã‚ã‚ï½ï½ï½ï¼ï¼ï¼ğŸš²âœ¨ï¼ˆå¾Œç·¨ï¼‰ã€ãƒ›ãƒ­ãƒ©ã‚¤ãƒ–/èµ¤äº•ã¯ã‚ã¨ã€‘	[Trip] (Second half) Have a trip with chama! Hopping around Kagawa's Shoudoshima!!!âœ¨ğŸšƒ	ä¸‰væ—¥æœˆå ‚ï¼ˆåœŸåº„ï¼‰	Mivkadukido (ä¸‰væ—¥æœˆå ‚ åœŸåº„)	34.485583721618426, 134.1845439425985	cafe	cafe
https://youtu.be/vNNJG2wtd_Y?t=4316	ã€ æ—… ã€‘ã¡ã‚ƒã¾ã¨æ—…ã™ã‚‹ï¼é¦™å·ã®å°è±†å³¶å·¡ã‚Šã ã‚ã‚ã‚ï½ï½ï½ï¼ï¼ï¼ğŸš²âœ¨ï¼ˆå¾Œç·¨ï¼‰ã€ãƒ›ãƒ­ãƒ©ã‚¤ãƒ–/èµ¤äº•ã¯ã‚ã¨ã€‘	[Trip] (Second half) Have a trip with chama! Hopping around Kagawa's Shoudoshima!!!âœ¨ğŸšƒ	kawataï¼ˆåœŸåº„ï¼‰	Salon Kawata, Tonosho	34.483461333881465, 134.18514447912247	scenery	others
https://youtu.be/vNNJG2wtd_Y?t=3776	ã€ æ—… ã€‘ã¡ã‚ƒã¾ã¨æ—…ã™ã‚‹ï¼é¦™å·ã®å°è±†å³¶å·¡ã‚Šã ã‚ã‚ã‚ï½ï½ï½ï¼ï¼ï¼ğŸš²âœ¨ï¼ˆå¾Œç·¨ï¼‰ã€ãƒ›ãƒ­ãƒ©ã‚¤ãƒ–/èµ¤äº•ã¯ã‚ã¨ã€‘	[Trip] (Second half) Have a trip with chama! Hopping around Kagawa's Shoudoshima!!!âœ¨ğŸšƒ	ç´„æŸã®ä¸˜å±•æœ›å°ï¼ˆåœŸåº„ï¼‰	Angel Road Observation Deck, Tonosho	34.47790581822073, 134.18900589861786	attraction	attraction
https://youtu.be/vNNJG2wtd_Y?t=3724	ã€ æ—… ã€‘ã¡ã‚ƒã¾ã¨æ—…ã™ã‚‹ï¼é¦™å·ã®å°è±†å³¶å·¡ã‚Šã ã‚ã‚ã‚ï½ï½ï½ï¼ï¼ï¼ğŸš²âœ¨ï¼ˆå¾Œç·¨ï¼‰ã€ãƒ›ãƒ­ãƒ©ã‚¤ãƒ–/èµ¤äº•ã¯ã‚ã¨ã€‘	[Trip] (Second half) Have a trip with chama! Hopping around Kagawa's Shoudoshima!!!âœ¨ğŸšƒ	ã‚¨ãƒ³ã‚¸ã‚§ãƒ«ãƒ­ãƒ¼ãƒ‰ï¼ˆåœŸåº„ï¼‰	Angel Road, Tonosho	34.4781589619704, 134.1887674607193	attraction	attraction
https://youtu.be/vNNJG2wtd_Y?t=2098	ã€ æ—… ã€‘ã¡ã‚ƒã¾ã¨æ—…ã™ã‚‹ï¼é¦™å·ã®å°è±†å³¶å·¡ã‚Šã ã‚ã‚ã‚ï½ï½ï½ï¼ï¼ï¼ğŸš²âœ¨ï¼ˆå¾Œç·¨ï¼‰ã€ãƒ›ãƒ­ãƒ©ã‚¤ãƒ–/èµ¤äº•ã¯ã‚ã¨ã€‘	[Trip] (Second half) Have a trip with chama! Hopping around Kagawa's Shoudoshima!!!âœ¨ğŸšƒ	å‰å²¡æ²» é¡•å½°ç¢‘ï¼ˆåœŸåº„ï¼‰	Osamu Yoshioka Honor Monument (å‰å²¡æ²»é¡•å½°ç¢‘)	34.488975343949264, 134.17350017716245	scenery	others
https://youtu.be/vNNJG2wtd_Y?t=1522	ã€ æ—… ã€‘ã¡ã‚ƒã¾ã¨æ—…ã™ã‚‹ï¼é¦™å·ã®å°è±†å³¶å·¡ã‚Šã ã‚ã‚ã‚ï½ï½ï½ï¼ï¼ï¼ğŸš²âœ¨ï¼ˆå¾Œç·¨ï¼‰ã€ãƒ›ãƒ­ãƒ©ã‚¤ãƒ–/èµ¤äº•ã¯ã‚ã¨ã€‘	[Trip] (Second half) Have a trip with chama! Hopping around Kagawa's Shoudoshima!!!âœ¨ğŸšƒ	å°è±†å³¶å›½éš›ãƒ›ãƒ†ãƒ«	Shodoshima International Hotel	34.47943318824366, 134.18768073172896	hotel	hotel
https://youtu.be/vNNJG2wtd_Y?t=985	ã€ æ—… ã€‘ã¡ã‚ƒã¾ã¨æ—…ã™ã‚‹ï¼é¦™å·ã®å°è±†å³¶å·¡ã‚Šã ã‚ã‚ã‚ï½ï½ï½ï¼ï¼ï¼ğŸš²âœ¨ï¼ˆå¾Œç·¨ï¼‰ã€ãƒ›ãƒ­ãƒ©ã‚¤ãƒ–/èµ¤äº•ã¯ã‚ã¨ã€‘	[Trip] (Second half) Have a trip with chama! Hopping around Kagawa's Shoudoshima!!!âœ¨ğŸšƒ	é«˜æ¾æ¸¯	Takamatsu Port	34.354032376377745, 134.04887611552942	sail	sail
https://youtu.be/jRm8sne9CvU?t=8428	ã€ æ—… ã€‘ã¡ã‚ƒã¾ã¨æ—…ã™ã‚‹ï¼é¦™å·ã§å¤§å†’é™ºã ã‚ã‚ã‚ã‚ã‚ã‚ã‚ã‚ã‚ï¼ï¼ï¼âœ¨ğŸšƒï¼ˆå‰ç·¨ï¼‰ã€ãƒ›ãƒ­ãƒ©ã‚¤ãƒ–/èµ¤äº•ã¯ã‚ã¨ã€‘	[Trip] (First half) Have a trip with chama! Great adventure in Kagawa!!!âœ¨ğŸšƒ	ã”åˆ©ç›Šã‚„ï¼ˆç´å¹³ï¼‰	Goriyakuya, Kagawa	34.184676394333415, 133.81557854052772	cafe	cafe
https://youtu.be/jRm8sne9CvU?t=6345	ã€ æ—… ã€‘ã¡ã‚ƒã¾ã¨æ—…ã™ã‚‹ï¼é¦™å·ã§å¤§å†’é™ºã ã‚ã‚ã‚ã‚ã‚ã‚ã‚ã‚ã‚ï¼ï¼ï¼âœ¨ğŸšƒã€ãƒ›ãƒ­ãƒ©ã‚¤ãƒ–/èµ¤äº•ã¯ã‚ã¨ã€‘	[Trip] (First half) Have a trip with chama! Great adventure in Kagawa!!!âœ¨ğŸšƒ	ã“ã¨ã²ã‚‰æ¸©æ³‰ ç´å‚é–£	Kotosankaku, Kotohira Onsen	34.19014575097455, 133.81689052635554	hotel	hotel
https://youtu.be/jRm8sne9CvU?t=5317	ã€ æ—… ã€‘ã¡ã‚ƒã¾ã¨æ—…ã™ã‚‹ï¼é¦™å·ã§å¤§å†’é™ºã ã‚ã‚ã‚ã‚ã‚ã‚ã‚ã‚ã‚ï¼ï¼ï¼âœ¨ğŸšƒã€ãƒ›ãƒ­ãƒ©ã‚¤ãƒ–/èµ¤äº•ã¯ã‚ã¨ã€‘	[Trip] (First half) Have a trip with chama! Great adventure in Kagawa!!!âœ¨ğŸšƒ	ã‚«ãƒ•ã‚§ãƒ†ãƒ©ã‚¹ ã‚°ãƒ¬ã‚³	Greko, Takamatsu	34.33759399835561, 134.04899049744682	cafe	cafe
https://youtu.be/jRm8sne9CvU?t=4614	ã€ æ—… ã€‘ã¡ã‚ƒã¾ã¨æ—…ã™ã‚‹ï¼é¦™å·ã§å¤§å†’é™ºã ã‚ã‚ã‚ã‚ã‚ã‚ã‚ã‚ã‚ï¼ï¼ï¼âœ¨ğŸšƒã€ãƒ›ãƒ­ãƒ©ã‚¤ãƒ–/èµ¤äº•ã¯ã‚ã¨ã€‘	[Trip] (First half) Have a trip with chama! Great adventure in Kagawa!!!âœ¨ğŸšƒ	ãŠã¨ã¨ã›ã‚“ã¹ã„è±¡å±‹å…ƒè”µ	Ototo-Senbei Kisaya-motozo, Futsukacho	34.33383832290615, 134.0481214162948	shop	shop
https://youtu.be/jRm8sne9CvU?t=3324	ã€ æ—… ã€‘ã¡ã‚ƒã¾ã¨æ—…ã™ã‚‹ï¼é¦™å·ã§å¤§å†’é™ºã ã‚ã‚ã‚ã‚ã‚ã‚ã‚ã‚ã‚ï¼ï¼ï¼âœ¨ğŸšƒã€ãƒ›ãƒ­ãƒ©ã‚¤ãƒ–/èµ¤äº•ã¯ã‚ã¨ã€‘	[Trip] (First half) Have a trip with chama! Great adventure in Kagawa!!!âœ¨ğŸšƒ	æ —æ—å…¬åœ’	Ritsurin Garden	34.33010735088123, 134.04578032578814	attraction	attraction
https://youtu.be/jRm8sne9CvU?t=3310	ã€ æ—… ã€‘ã¡ã‚ƒã¾ã¨æ—…ã™ã‚‹ï¼é¦™å·ã§å¤§å†’é™ºã ã‚ã‚ã‚ã‚ã‚ã‚ã‚ã‚ã‚ï¼ï¼ï¼âœ¨ğŸšƒã€ãƒ›ãƒ­ãƒ©ã‚¤ãƒ–/èµ¤äº•ã¯ã‚ã¨ã€‘	[Trip] (First half) Have a trip with chama! Great adventure in Kagawa!!!âœ¨ğŸšƒ	é«˜æ¾ä¸¸äº€ç”ºå£±ç•ªè¡—å‰ãƒ‰ãƒ¼ãƒ åºƒå ´	Marugamemachi Dome Square	34.34740586258136, 134.05063419649758	shop	shop
https://youtu.be/jRm8sne9CvU?t=2118	ã€ æ—… ã€‘ã¡ã‚ƒã¾ã¨æ—…ã™ã‚‹ï¼é¦™å·ã§å¤§å†’é™ºã ã‚ã‚ã‚ã‚ã‚ã‚ã‚ã‚ã‚ï¼ï¼ï¼âœ¨ğŸšƒã€ãƒ›ãƒ­ãƒ©ã‚¤ãƒ–/èµ¤äº•ã¯ã‚ã¨ã€‘	[Trip] (First half) Have a trip with chama! Great adventure in Kagawa!!!âœ¨ğŸšƒ	å—çˆç²åº—	Minami Coffee, Takamatsu	34.34086442893536, 134.04932275010322	cafe	cafe
https://youtu.be/jRm8sne9CvU?t=1814	ã€ æ—… ã€‘ã¡ã‚ƒã¾ã¨æ—…ã™ã‚‹ï¼é¦™å·ã§å¤§å†’é™ºã ã‚ã‚ã‚ã‚ã‚ã‚ã‚ã‚ã‚ï¼ï¼ï¼âœ¨ğŸšƒã€ãƒ›ãƒ­ãƒ©ã‚¤ãƒ–/èµ¤äº•ã¯ã‚ã¨ã€‘	[Trip] (First half) Have a trip with chama! Great adventure in Kagawa!!!âœ¨ğŸšƒ	å–«èŒ¶åŸã®çœ¼	Shiro no Me, Takamatsu	34.34457147044743, 134.04873610846914	cafe	cafe
https://youtu.be/jRm8sne9CvU?t=1456	ã€ æ—… ã€‘ã¡ã‚ƒã¾ã¨æ—…ã™ã‚‹ï¼é¦™å·ã§å¤§å†’é™ºã ã‚ã‚ã‚ã‚ã‚ã‚ã‚ã‚ã‚ï¼ï¼ï¼âœ¨ğŸšƒã€ãƒ›ãƒ­ãƒ©ã‚¤ãƒ–/èµ¤äº•ã¯ã‚ã¨ã€‘	[Trip] (First half) Have a trip with chama! Great adventure in Kagawa!!!âœ¨ğŸšƒ	ã‚³ãƒ¼ãƒ’ãƒ¼ãƒ«ãƒ¼ãƒ  ãƒŸãƒ‹	Coffee Room Mini (ã‚³ãƒ¼ãƒ’ãƒ¼ãƒ«ãƒ¼ãƒ  ãƒŸãƒ‹)	34.34471063319478, 134.04883432355015	cafe	cafe
https://youtu.be/jRm8sne9CvU?t=1230	ã€ æ—… ã€‘ã¡ã‚ƒã¾ã¨æ—…ã™ã‚‹ï¼é¦™å·ã§å¤§å†’é™ºã ã‚ã‚ã‚ã‚ã‚ã‚ã‚ã‚ã‚ï¼ï¼ï¼âœ¨ğŸšƒã€ãƒ›ãƒ­ãƒ©ã‚¤ãƒ–/èµ¤äº•ã¯ã‚ã¨ã€‘	[Trip] (First half) Have a trip with chama! Great adventure in Kagawa!!!âœ¨ğŸšƒ	å²è·¡é«˜æ¾åŸè·¡ç‰è—»å…¬åœ’	Takamatsu Castle Tamamo Park	34.350510543543216, 134.05165098346106	attraction	attraction
https://www.youtube.com/post/UgkxsGzPjgmmdJf251aCIoZWpGA62UvPrMV6	ã¡ã‚‡ã“ã‚“ã¨ä¹—ã£ã¦ã‚‹é‡‘å¹³ç³–ãŒã€æ„›ãŠã—ã„ã€‚ã€€In æ ƒæœ¨çœŒğŸ—¾	The little konpeitou sitting on top is just so adorable. - in Tochigi Prefecture ğŸ—¾	ã‚†ã°ã‚«ãƒ•ã‚§ è‘‰æœˆ	Yuba cafe Hazuki	36.75385807083013, 139.59764074461089	cafe	cafe
https://x.com/akaihaato/status/1960096849362313646	é›¨ã®æ—¥ã ã£ãŸã‘ã©ã€æ°—åˆ†çˆ½å¿«ã«ãªã£ãŸæœé£Ÿâ•ğŸ”…	It was a rainy day, but breakfast totally lifted my spiritsâ•ğŸ”…	å¯Œå£«å±±ã®è¦‹ãˆã‚‹å…¨å®¤å€‹å®¤ã‚µã‚¦ãƒŠä»˜æ—…é¤¨ ã—ãšã	Sauna Inn Ryokan Shizuku	35.42093261909258, 138.85212857116395	hotel	hotel
https://x.com/akaihaato/status/1959733770862694736	ã¾ã‚ã‚„ã‹ç¾Šç¾¹ã¨ã€ã²ã‚“ã‚„ã‚Šå†·ãŸã„ãŠèŒ¶ğŸµ æš‘ã„æ—¥ã«ã€ã¨ã¦ã‚‚åŠ©ã‹ã£ãŸã€‚	Smooth yokan and a cup of refreshingly cold tea ğŸµ It was such a relief on a hot day.	ãã³ç¾Šç¾®æœ¬å®¶	Kibi Youkan, Gifu	35.286771985996346, 136.55626597977587	cafe	cafe
https://x.com/akaihaato/status/1958641258173247891	ã¦ã£ãºã‚“ã®é‡‘å¹³ç³–ã«æ€ã‚ãšã€ã¨ãã‚ã„ãŸã€‚	I couldn't help but feel a spark of joy at the konpeitou sitting right on top.	ã‚†ã°ã‚«ãƒ•ã‚§ è‘‰æœˆ	Yuba cafe Hazuki	36.753861196507344, 139.59763664010123	cafe	cafe
https://www.youtube.com/post/UgkxRb-lXz-XoqF569HNbSH4PYWZ2nVtn7lj	ä»Šå¹´ä¸€ç•ªã€å¤ã‚’æ„Ÿã˜ãŸç¬é–“ğŸã¿ã‚“ãªã¯ä½•é£Ÿã¹ãŸï¼Ÿâœ¨ã€€In å²é˜œçœŒğŸ—¾	The moment I felt summer the most this year ğŸ What did you eat? âœ¨ - in Gifu Prefecture ğŸ—¾	å¤§é»’å±‹ï¼ˆé¤Šè€ç”ºï¼‰	Daigokuya (å¤§é»’å±‹ é¤Šè€ç”º) 	35.28292912916678, 136.54049269197856	restaurant	restaurant
https://x.com/akaihaato/status/1957640916711129327	ã“ã®ã‚³ãƒ³ãƒ‘ã‚¯ãƒˆãªã‚µã‚¤ã‚ºæ„ŸãŒãŸã¾ã‚‰ã‚“ã€‚	This compact size is just irresistible.	ä¸Šè«è¨ªé§…	Kamisuwa Station	36.04623174312994, 138.11618370618888	station	station
https://www.youtube.com/post/Ugkx93Ac7yAhamoYR30t6idKCg1if7DuoqfO	å¤ã‚’æœ€å¾Œã¾ã§ã€å‘³ã‚ã„å°½ãã™ãâ€¼ï¸ã€€In é•·é‡çœŒğŸ—¾	I'm going to savor every last bit of summerâ€¼ - in Nagano Prefecture ğŸ—¾	è«è¨ªæ¹–	Suwa Lake	36.05060154713887, 138.08929333348186	attraction	attraction
https://x.com/akaihaato/status/1957553359646519564	ãµã‚ãµã‚ãƒˆãƒ¼ã‚¹ãƒˆã«çˆç²ãƒ•ãƒ­ãƒ¼ãƒˆâ˜•ã€€å¯ä¸è¶³ã®æœã«ã¯ã€æŸ“ã¿ã‚‹ã‚“ã ã€‚	Fluffy toast and a coffee float â˜• It really hits the spot on a sleep-deprived morning.	ãƒŸãƒ«ã‚­ãƒ¼ã‚¦ã‚§ã‚¤ï¼ˆæ²³å£æ¹–ï¼‰	Cafe Milky Way, Fujikawaguchiko	35.51079376343992, 138.7543878732319	cafe	cafe
https://www.youtube.com/post/UgkxkNxCl7HnWgLbi4vAWFmvCjkAm3LSDThe	æ—…ã®çµ‚ã‚ã‚Šã«ã€ã·ã‚Šã·ã‚Šã®é§…å¼ã¯ã„ã‹ãŒâ”ã€€In åå¤å±‹ğŸ—¾	How about a plump and juicy station bento to end your journeyâ” - in Nagoya ğŸ—¾	åå¤å±‹é§…	Nagoya Station	35.17096230209612, 136.88153459487754	station	station
https://x.com/akaihaato/status/1955879005938442711	è¿«åŠ›æº€ç‚¹â€¼ï¸é‰„æ¿ã«ä¹—ã£ãŸãƒŠãƒãƒªã‚¿ãƒ³â•ğŸ	Full of impactâ€¼ï¸Napolitan served sizzling on a hot plateâ•ğŸ	ã‚«ãƒ•ã‚§ãƒ†ãƒ©ã‚¹ ã‚°ãƒ¬ã‚³	Greko, Takamatsu	34.33759399835561, 134.04899049744682	cafe	cafe
https://youtu.be/ym0FabHu9bs?t=262	ã€ ãƒ—ãƒæ—… ã€‘ã¾ã£ãŸã‚ŠãŠå–‹ã‚Šã—ãªãŒã‚‰å–«èŒ¶å·¡ã‚Šï¼ğŸŒŸã€ãƒ›ãƒ­ãƒ©ã‚¤ãƒ–/èµ¤äº•ã¯ã‚ã¨ã€‘	[Mini Trip] Relaxed cafe hopping while chatting!ğŸŒŸ	ãƒŸãƒ«ã‚­ãƒ¼ã‚¦ã‚§ã‚¤ï¼ˆæ²³å£æ¹–ï¼‰	Cafe Milky Way, Fujikawaguchiko	35.51079376343992, 138.7543878732319	cafe	cafe
https://youtu.be/ym0FabHu9bs?t=329	ã€ ãƒ—ãƒæ—… ã€‘ã¾ã£ãŸã‚ŠãŠå–‹ã‚Šã—ãªãŒã‚‰å–«èŒ¶å·¡ã‚Šï¼ğŸŒŸã€ãƒ›ãƒ­ãƒ©ã‚¤ãƒ–/èµ¤äº•ã¯ã‚ã¨ã€‘	[Mini Trip] Relaxed cafe hopping while chatting!ğŸŒŸ	å–«èŒ¶ã‚¹ãƒˆãƒªãƒ¼ãƒãƒ¼	Kissa Streamer, Chuo City	35.68792199654589, 139.77726339461697	cafe	cafe
https://youtu.be/ym0FabHu9bs?t=539	ã€ ãƒ—ãƒæ—… ã€‘ã¾ã£ãŸã‚ŠãŠå–‹ã‚Šã—ãªãŒã‚‰å–«èŒ¶å·¡ã‚Šï¼ğŸŒŸã€ãƒ›ãƒ­ãƒ©ã‚¤ãƒ–/èµ¤äº•ã¯ã‚ã¨ã€‘	[Mini Trip] Relaxed cafe hopping while chatting!ğŸŒŸ	ã‚¸ãƒ£ã‚ºå–«èŒ¶ã„ãƒ¼ãã‚‹	Jazz Cafe Bar Eagle Yotsuya	35.686508050558054, 139.72818192043295	cafe	cafe
https://youtu.be/ym0FabHu9bs?t=1158	ã€ ãƒ—ãƒæ—… ã€‘ã¾ã£ãŸã‚ŠãŠå–‹ã‚Šã—ãªãŒã‚‰å–«èŒ¶å·¡ã‚Šï¼ğŸŒŸã€ãƒ›ãƒ­ãƒ©ã‚¤ãƒ–/èµ¤äº•ã¯ã‚ã¨ã€‘	[Mini Trip] Relaxed cafe hopping while chatting!ğŸŒŸ	å¤åŸï¼ˆä¸Šé‡ï¼‰	Kojo, Ueno	35.711717204103536, 139.77902983735993	cafe	cafe
https://youtu.be/ym0FabHu9bs?t=1726	ã€ ãƒ—ãƒæ—… ã€‘ã¾ã£ãŸã‚ŠãŠå–‹ã‚Šã—ãªãŒã‚‰å–«èŒ¶å·¡ã‚Šï¼ğŸŒŸã€ãƒ›ãƒ­ãƒ©ã‚¤ãƒ–/èµ¤äº•ã¯ã‚ã¨ã€‘	[Mini Trip] Relaxed cafe hopping while chatting!ğŸŒŸ	å—çˆç²åº—	Minami Coffee, Takamatsu	34.34086442893536, 134.04932275010322	cafe	cafe
https://youtu.be/ym0FabHu9bs?t=1745	ã€ ãƒ—ãƒæ—… ã€‘ã¾ã£ãŸã‚ŠãŠå–‹ã‚Šã—ãªãŒã‚‰å–«èŒ¶å·¡ã‚Šï¼ğŸŒŸã€ãƒ›ãƒ­ãƒ©ã‚¤ãƒ–/èµ¤äº•ã¯ã‚ã¨ã€‘	[Mini Trip] Relaxed cafe hopping while chatting!ğŸŒŸ	ã‚³ãƒ¼ãƒ’ãƒ¼ãƒ«ãƒ¼ãƒ  ãƒŸãƒ‹	Coffee Room Mini (ã‚³ãƒ¼ãƒ’ãƒ¼ãƒ«ãƒ¼ãƒ  ãƒŸãƒ‹)	34.34471063319478, 134.04883432355015	cafe	cafe
https://youtu.be/ym0FabHu9bs?t=2041	ã€ ãƒ—ãƒæ—… ã€‘ã¾ã£ãŸã‚ŠãŠå–‹ã‚Šã—ãªãŒã‚‰å–«èŒ¶å·¡ã‚Šï¼ğŸŒŸã€ãƒ›ãƒ­ãƒ©ã‚¤ãƒ–/èµ¤äº•ã¯ã‚ã¨ã€‘	[Mini Trip] Relaxed cafe hopping while chatting!ğŸŒŸ	ã‚«ãƒ•ã‚§ãƒ†ãƒ©ã‚¹ ã‚°ãƒ¬ã‚³	Greko, Takamatsu	34.33759399835561, 134.04899049744682	cafe	cafe
https://youtu.be/ym0FabHu9bs?t=2548	ã€ ãƒ—ãƒæ—… ã€‘ã¾ã£ãŸã‚ŠãŠå–‹ã‚Šã—ãªãŒã‚‰å–«èŒ¶å·¡ã‚Šï¼ğŸŒŸã€ãƒ›ãƒ­ãƒ©ã‚¤ãƒ–/èµ¤äº•ã¯ã‚ã¨ã€‘	[Mini Trip] Relaxed cafe hopping while chatting!ğŸŒŸ	å–«èŒ¶ãƒ•ã‚¸ æ–°æ©‹	Kissa Fuji Shimbashi	35.66644989887437, 139.75747901381106	cafe	cafe
https://youtu.be/ym0FabHu9bs?t=2964	ã€ ãƒ—ãƒæ—… ã€‘ã¾ã£ãŸã‚ŠãŠå–‹ã‚Šã—ãªãŒã‚‰å–«èŒ¶å·¡ã‚Šï¼ğŸŒŸã€ãƒ›ãƒ­ãƒ©ã‚¤ãƒ–/èµ¤äº•ã¯ã‚ã¨ã€‘	[Mini Trip] Relaxed cafe hopping while chatting!ğŸŒŸ	ã‚³ãƒ¼ãƒ’ãƒ¼ã‚·ãƒ§ãƒƒãƒ—ã‚®ãƒ£ãƒ©ãƒ³	Coffee Shop Galant, Ueno	35.71117688427561, 139.77527026129775	cafe	cafe
https://x.com/akaihaato/status/1952885540371800153	æ¸‹è°·ã®å…¥ã‚Šçµ„ã‚“ã§ã‚‹æ‰€ã€ãƒ¯ã‚¯ãƒ¯ã‚¯ã™ã‚‹â—ï¸	The intricate parts of Shibuya are excitingâ—ï¸	å®®ä¸‹å…¬åœ’	Miyashita Park	35.66340253864529, 139.70158349011402	attraction	attraction
https://youtu.be/5bkZxiH-3R8?t=491	ã€æ”¾æµªãƒ©ã‚¤ãƒ–ãƒ©ã‚¸ã‚ªã€‘é•·é‡çœŒè¡Œã£ã¦ããŸï¼ï¼ï¼ã€å„’çƒé¢¨äº­ã‚‰ã§ã‚“/èµ¤äº•ã¯ã‚ã¨ #ReGLOSS ã€‘	Trip to Nagano with Raden	èŒ…é‡å¸‚å°–çŸ³ç¸„æ–‡è€ƒå¤é¤¨	Togariishi Museum of Jomon Archaeology, Chino City	36.01341776558007, 138.2343109021072	attraction	attraction
https://youtu.be/5bkZxiH-3R8?t=1765	ã€æ”¾æµªãƒ©ã‚¤ãƒ–ãƒ©ã‚¸ã‚ªã€‘é•·é‡çœŒè¡Œã£ã¦ããŸï¼ï¼ï¼ã€å„’çƒé¢¨äº­ã‚‰ã§ã‚“/èµ¤äº•ã¯ã‚ã¨ #ReGLOSS ã€‘	Trip to Nagano with Raden	ãƒ›ãƒ†ãƒ«é·ºä¹ƒæ¹¯	Hotel Saginoyu	36.04879810148697, 138.11326376940264	hotel	hotel
https://youtu.be/5bkZxiH-3R8?t=1923	ã€æ”¾æµªãƒ©ã‚¤ãƒ–ãƒ©ã‚¸ã‚ªã€‘é•·é‡çœŒè¡Œã£ã¦ããŸï¼ï¼ï¼ã€å„’çƒé¢¨äº­ã‚‰ã§ã‚“/èµ¤äº•ã¯ã‚ã¨ #ReGLOSS ã€‘	Trip to Nagano with Raden	è«è¨ªæ¹–	Suwa Lake	36.05060154713887, 138.08929333348186	attraction	attraction
https://youtu.be/5bkZxiH-3R8?t=2148	ã€æ”¾æµªãƒ©ã‚¤ãƒ–ãƒ©ã‚¸ã‚ªã€‘é•·é‡çœŒè¡Œã£ã¦ããŸï¼ï¼ï¼ã€å„’çƒé¢¨äº­ã‚‰ã§ã‚“/èµ¤äº•ã¯ã‚ã¨ #ReGLOSS ã€‘	Trip to Nagano with Raden	ãã°å‡¦ã¨ã¿ã‚„ï¼ˆè«è¨ªï¼‰	Soba Tomiya, Suwa	36.049588176402516, 138.1152920330056	restaurant	restaurant
https://youtu.be/5bkZxiH-3R8?t=2995	ã€æ”¾æµªãƒ©ã‚¤ãƒ–ãƒ©ã‚¸ã‚ªã€‘é•·é‡çœŒè¡Œã£ã¦ããŸï¼ï¼ï¼ã€å„’çƒé¢¨äº­ã‚‰ã§ã‚“/èµ¤äº•ã¯ã‚ã¨ #ReGLOSS ã€‘	Trip to Nagano with Raden	èŒ…é‡é§…	Chino Station, Nagano	35.99437278353785, 138.15231954104462	station	station
https://youtu.be/5bkZxiH-3R8?t=3251	ã€æ”¾æµªãƒ©ã‚¤ãƒ–ãƒ©ã‚¸ã‚ªã€‘é•·é‡çœŒè¡Œã£ã¦ããŸï¼ï¼ï¼ã€å„’çƒé¢¨äº­ã‚‰ã§ã‚“/èµ¤äº•ã¯ã‚ã¨ #ReGLOSS ã€‘	Trip to Nagano with Raden	å–«èŒ¶ãƒˆãƒŸãƒ¼ï¼ˆè«è¨ªï¼‰	Kissa Tomy (å–«èŒ¶ãƒˆãƒŸãƒ¼ è«è¨ª)	36.044270102555416, 138.11762657088084	cafe	cafe
https://x.com/akaihaato/status/1952179453083455707	å²é˜œåŸã«é¾ã®æœ¨ãŒã‚ã£ãŸâ—ï¸	There was a dragon tree at Gifu Castle! â—ï¸	å²é˜œåŸ	Gifu Castle	35.43391736398942, 136.78206113184694	attraction	attraction
https://x.com/akaihaato/status/1952143970831868239	ã‚»ãƒŸã®éŸ³ã«å›²ã¾ã‚Œã€å¤ã‚’æµ´ã³ãŸç¬é–“ã€‚	Surrounded by the sound of cicadas, a moment bathed in summer.	å¤§é»’å±‹ï¼ˆé¤Šè€ç”ºï¼‰	Daigokuya (å¤§é»’å±‹ é¤Šè€ç”º) 	35.28292912916678, 136.54049269197856	restaurant	restaurant
https://x.com/akaihaato/status/1951514708957368748	ã“ã“ã ã‘æ™‚æ­¢ã¾ã£ã¦ãŸã€‚æ°—å¿ƒè…¹å£å‘½ ã‚’ã“ã“ã§ã‚‚ç™ºè¦‹â•ã€€å¬‰ã—ã‹ã£ãŸã‹ã‚‰æ‰‹ã¬ãã„ãŠåœŸç”£ã«è²·ã£ã¦å¸°ã£ãŸğŸ‘	Time felt frozen here. I even found ''trust, comfort, laughter, life'' hereâ• I was so happy I bought a tenugui as a souvenir ğŸ‘	å¤§é»’å±‹ï¼ˆé¤Šè€ç”ºï¼‰	Daigokuya (å¤§é»’å±‹ é¤Šè€ç”º) 	35.28292912916678, 136.54049269197856	restaurant	restaurant
https://x.com/akaihaato/status/1951514211919732747	ã†ã¾ã„ãƒ¼ã£â€¼ï¸ğŸ§	So deliciousâ€¼ï¸ğŸ§	å¤§é»’å±‹ï¼ˆé¤Šè€ç”ºï¼‰	Daigokuya (å¤§é»’å±‹ é¤Šè€ç”º) 	35.28292912916678, 136.54049269197856	restaurant	restaurant
https://x.com/akaihaato/status/1951424731279925603	ãŠçˆºã¡ã‚ƒã‚“å®¶ã®å¦‚ãå¯›ã„ã 	Relaxed like I was at Grandpa's house.	å¤§é»’å±‹ï¼ˆé¤Šè€ç”ºï¼‰	Daigokuya (å¤§é»’å±‹ é¤Šè€ç”º) 	35.28292912916678, 136.54049269197856	restaurant	restaurant
https://x.com/akaihaato/status/1951302414864359626	é¤Šè€ç”ºã«æµã‚Œã‚‹æ»ã¯ã€ä½æ°‘ã¨åŒã˜ãã‚‰ã„ç¾ã—ãå„ªã—ã‹ã£ãŸã€‚	The waterfall flowing through Yourou Town was as beautiful and gentle as its residents.	é¤Šè€ã®æ»	Yoro Falls	35.28040919029155, 136.53428094547903	attraction	attraction
https://www.youtube.com/post/UgkxqYn5Mp4AA6eZDvaFugm6w1VwNYStcjQ5	ã“ã®ãŠåŸã‚‚ã€è‰²ã‚“ãªæ™¯è‰²ã‚’è¦‹ã¦ããŸã®ã‹ãªã€‚ã€€In å²é˜œçœŒğŸ—¾	I wonder if this castle has witnessed many different scenes over the years. - in Gifu Prefecture ğŸ—¾	å²é˜œåŸ	Gifu Castle	35.43391736398942, 136.78206113184694	attraction	attraction
https://x.com/akaihaato/status/1950691416100962455	ä¿¡é•·ãŒå¤©ä¸‹ã‚’æœ›ã‚“ã æ™¯è‰²ã€€ä»Šã®ä¸–ã¯ã€ãŠé™°æ§˜ã§å¹³å’Œã§ã™ã€‚	The view Nobunaga once dreamed of ruling. Thanks to it, the world is peaceful now.	å²é˜œåŸ	Gifu Castle	35.43391736398942, 136.78206113184694	attraction	attraction
https://x.com/akaihaato/status/1949671412438094279	è¡Œãã‚‚å¸°ã‚Šã‚‚ã€€æç¯ã§ç››ã‚Šä¸Šã’ã¦ãã‚ŒãŸã€ã“ã‚“ã´ã‚‰å‚ã‚Š	Both on the way there and back, the lanterns livened up the Konpira Pilgrimage.	ç´å¹³ç”º	Kotohira-chou	34.18935556807962, 133.81960868780956	scenery	others
https://x.com/akaihaato/status/1949665470040432834	æš–ã‹ãã¦ã„ã„è¡—ä¸¦ã¿ã ã£ãŸ	It was a warm and lovely townscape.	ç´å¹³ç”º	Kotohira-chou	34.18907744534806, 133.81927533518757	scenery	others
https://x.com/akaihaato/status/1949363423504187629	ğŸ’â¸â¸â¸â™¡ï¸	ğŸ’â¸â¸â¸â™¡ï¸	äºŒåå››ã®ç³æ˜ ç”»æ‘	Twenty-Four Eyes Movie Studio	34.44585637528138, 134.28543715566548	attraction	attraction
https://x.com/akaihaato/status/1948973901440319984	å¤ã¯ã¾ã ã€å§‹ã¾ã£ãŸã°ã‹ã‚Šâ—ï¸	Summer has only just begunâ—ï¸	è«è¨ªæ¹–	Suwa Lake	36.05060154713887, 138.08929333348186	attraction	attraction
https://x.com/akaihaato/status/1945901689971802142	æ·±å¤œã®æ—…é¤¨å¾˜å¾Š	Late-night wandering around the ryokan	ã“ã¨ã²ã‚‰æ¸©æ³‰ ç´å‚é–£	Kotosankaku, Kotohira Onsen	34.19014575097455, 133.81689052635554	hotel	hotel
https://x.com/akaihaato/status/1944918288640667659	ã•ã‚ã€å‡ºç™ºã â•	Now, let's set offâ•	ç¥å¥ˆå·æ–°ç”ºé§…	Kanagawa-shimmachi Station	35.48103429454595, 139.63963282568358	station	station
https://x.com/akaihaato/status/1944098621487505653	äººç”Ÿã£ã¦ã€€å¬‰ã—ã„ã‚‚ã®ã§ã™ã­	Life really is something to be joyful about.	è«è¨ªæ¹–	Suwa Lake	36.05060154713887, 138.08929333348186	attraction	attraction
https://x.com/akaihaato/status/1941637685384528313	ç·šè·¯ã®å¥¥ã«è³ãˆç«‹ã¤åŸãŒã€æœ€é«˜ã«ã‹ã£ã“ã„ã„	The castle towering beyond the tracks looked incredibly cool.	é«˜æ¾åŸ è‰®æ«“	Ushitorayagura Turret, Takamatsu Castle	34.34880324558172, 134.05202104993108	attraction	attraction
https://x.com/akaihaato/status/1940508594488979555	ã„ã¾ã¾ã§ã§ä¸€ç•ªã€ç¥ç§˜çš„ãªæ¹–ã ã£ãŸ	The most mystical lake I've ever seen.	è«è¨ªæ¹–	Suwa Lake	36.05060154713887, 138.08929333348186	attraction	attraction
https://x.com/akaihaato/status/1940432895803523081	æš–ã‹ãè¿ãˆã¦ãã‚Œã‚‹è¡—ãŒå¥½ãã ã€‚	I love towns that welcome you warmly.	ç‰‡åŸç”ºå•†åº—è¡—	Kataharamachi Tobu (Eastern) Shopping Street	34.34565517569055, 134.05318246499937	shop	shop
https://x.com/akaihaato/status/1940280011896099249	çµ¦é£ŸãŸãƒ¼ã„ã‚€ã£â•âœ¨	School lunch timeâ•âœ¨	äºŒåå››ã®ç³æ˜ ç”»æ‘	Twenty-Four Eyes Movie Studio	34.44585637528138, 134.28543715566548	attraction	attraction
https://x.com/akaihaato/status/1940026032834375770	â€¦ãã†ã ã€å¯Œå£«å±±ã‚’è¦‹ã«è¡Œã“ã†ã€‚é›»è»Šã«ä¹—ã‚Šå‘ã‹ã†ã€‚åœ°ä¸‹ã®å•†åº—è¡—ã‚’æŠœã‘ã‚‹ã¨ã€å¥¥ã«æ½œã‚€å–«èŒ¶ã€Œãƒ•ã‚¸ã€â€¦	...Let's go see Mt. Fuji. I boarded the train and headed out. After passing through the underground shopping street, tucked away in the back lies the hidden cafe Fuji...	å–«èŒ¶ãƒ•ã‚¸ æ–°æ©‹	Kissa Fuji Shimbashi	35.66644989887437, 139.75747901381106	cafe	cafe
https://x.com/akaihaato/status/1939998601360679122	ã“ã“ã®è¸åˆ‡ã®æ™¯è‰²ã€è´…æ²¢ã™ãã‚‹â€¦ï¼	The view from this railroad crossing is just too luxuriousâ€¦!	é«˜æ¾åŸ	Takamatsu Castle	34.350362461964764, 134.0516301818784	attraction	attraction
https://x.com/akaihaato/status/1938442084907946122	ã“ã‚“ã´ã‚‰å‚ã‚Šå¾Œã«ã€å¯æ„›ã„ã‚‚ã®ã¨ç”˜å‘³ãŒæŸ“ã¿ãŸâ•ğŸ’˜	After the Konpira Pilgrimage, I was soothed by cute things and sweet treatsâ•ğŸ’˜	ã”åˆ©ç›Šã‚„ï¼ˆç´å¹³ï¼‰	Goriyakuya, Kagawa	34.184676394333415, 133.81557854052772	cafe	cafe
https://x.com/akaihaato/status/1938215518978326597	æ±Ÿæˆ¸æ™‚ä»£ã«ã¯ã€Œä¸€ç”Ÿã«ä¸€åº¦ã“ã‚“ã´ã‚‰å‚ã‚Šã€ã¨è¨€ã‚ã‚ŒãŸå ´æ‰€ã€‚å¥¥ã®é™¢ã¾ã§1,368æ®µã€éšæ®µã‚’ç™»ã£ãŸå…ˆã«ã‚ã‚‹æ™¯è‰²ã€‚ã‚ˆã‹ã£ãŸâ•	In the Edo period, it was said ''Once in a lifetime, a Konpira Pilgrimage''. The view after climbing 1,368 steps to the inner shrine... so worth itâ•	ç´å¹³ã®çŸ³æ®µ	Stone stairway to Kotohira Shrine	34.184676951106155, 133.81522832564048	scenery	others
https://x.com/akaihaato/status/1937994659160330371	é³¥å±…ã‚’æ½œã‚‹ã¨ã©ã“ã¾ã§ã‚‚ç¶šãéšæ®µ	Passing through the torii gate, the stairs stretch endlessly.	åš´é­‚ç¥ç¤¾ï¼ˆå¥§ç¤¾ï¼‰	Izutama Shrine (Oku-sha)	34.18810416018525, 133.80234088520368	attraction	attraction
https://x.com/akaihaato/status/1937987237079355436	æ—©æœã«è¦‹ã‚‹ç´é›»ã„ã„â€¦â•ğŸšƒ	Seeing the Kotoden train early in the morning is just perfectâ€¦â•ğŸšƒ	ç´é›»ç´å¹³é§…	Kotoden-Kotohira Station	34.190895968015774, 133.8193059814612	station	station
https://x.com/akaihaato/status/1937352883927941534	ä»Šã§ã‚‚ã‚µã‚¤ãƒ•ã‚©ãƒ³ã§æ·¹ã‚ŒãŸã‚³ãƒ¼ãƒ’ãƒ¼ãŒé£²ã‚ã‚‹çã—ã„ãŠåº—ã€‚ã‚³ãƒ¼ãƒ’ãƒ¼å–«èŒ¶ã€ŒãƒŸãƒ‹ã€â˜•ï¸	A rare cafe where you can still drink siphon-brewed coffee. Coffee Cafe â€œMiniâ€ â˜•ï¸	ã‚³ãƒ¼ãƒ’ãƒ¼ãƒ«ãƒ¼ãƒ  ãƒŸãƒ‹	Coffee Room Mini (ã‚³ãƒ¼ãƒ’ãƒ¼ãƒ«ãƒ¼ãƒ  ãƒŸãƒ‹)	34.34471063319478, 134.04883432355015	cafe	cafe
https://x.com/akaihaato/status/1937351310262882320	é¦™å·ã®å–«èŒ¶åº—ã€ã¾ãŸè¡ŒããŸã„ãªã	I want to visit Kagawa's cafes again.	ã‚³ãƒ¼ãƒ’ãƒ¼ãƒ«ãƒ¼ãƒ  ãƒŸãƒ‹	Coffee Room Mini (ã‚³ãƒ¼ãƒ’ãƒ¼ãƒ«ãƒ¼ãƒ  ãƒŸãƒ‹)	34.34471063319478, 134.04883432355015	cafe	cafe
https://x.com/akaihaato/status/1937289059258519857	ã‚¿ã‚¤ãƒ ã‚¹ãƒªãƒƒãƒ—ã—ãŸã¿ãŸã„ãªå ´æ‰€ã ã£ãŸ	It felt like a place where time had slipped away.	äºŒåå››ã®ç³æ˜ ç”»æ‘	Twenty-Four Eyes Movie Studio	34.44585637528138, 134.28543715566548	attraction	attraction
https://x.com/akaihaato/status/1937066295759118362	ãã‚ãã‚ä¸‹æ ¡æ™‚é–“ã€‚	It's about time for school to end.	äºŒåå››ã®ç³æ˜ ç”»æ‘	Twenty-Four Eyes Movie Studio	34.44585637528138, 134.28543715566548	attraction	attraction
https://x.com/akaihaato/status/1936900128146936038	ä¸€ç•ªä¹—ã‚Šã®å­¦æ ¡ã ã€œã£â•	First to arrive at schoolâ€”yayâ•	äºŒåå››ã®ç³æ˜ ç”»æ‘	Twenty-Four Eyes Movie Studio	34.44585637528138, 134.28543715566548	attraction	attraction
https://x.com/akaihaato/status/1936288496186277906	ã†ã£ã¾ã„ï¼ğŸŠ	So tasty! ğŸŠ	é«˜æ¾ã€œå°è±†å³¶ åœŸåº„ ãƒ•ã‚§ãƒªãƒ¼	Ferry, Takamatsu - Tonosho (Shodoshima)	34.47973424162642, 134.13428031433767	sail	sail
https://x.com/akaihaato/status/1936226193503891676	ãƒ•ã‚§ãƒªãƒ¼ã®ä¸ŠãŒå­¦æ ¡ã®å±‹ä¸Šã¿ãŸã„ã«è¦‹ãˆãŸã€‚	The ferry deck looked just like a school rooftop.	é«˜æ¾ã€œå°è±†å³¶ åœŸåº„ ãƒ•ã‚§ãƒªãƒ¼	Ferry, Takamatsu - Tonosho (Shodoshima)	34.47973424162642, 134.13428031433767	sail	sail
https://x.com/akaihaato/status/1936165335696392203	æ·¡ã„ç©ºã¨ã€ç”˜ã„åƒ•ã‚‰ã€‚	Pale skies and our sweet selves.	é«˜æ¾ã€œå°è±†å³¶ åœŸåº„ ãƒ•ã‚§ãƒªãƒ¼	Ferry, Takamatsu - Tonosho (Shodoshima)	34.47973424162642, 134.13428031433767	sail	sail
https://x.com/akaihaato/status/1935790836199100797	ç›®ãŒè¦šã‚ã‚‹ã¨ã€å³¶ã«ã„ãŸã€‚	When I woke up, I was on an island.	åœŸåº„æ¸¯ãƒ•ã‚§ãƒªãƒ¼ã‚¿ãƒ¼ãƒŸãƒŠãƒ«	Tonosho Port	34.4890261553568, 134.1729455131536	sail	sail
https://x.com/akaihaato/status/1935424275332350184	å¯å°åˆ—è»Šã®å¤œãµã‹ã—ã€‚	Late-night chats on the sleeper train.	ã‚µãƒ³ãƒ©ã‚¤ã‚ºç€¬æˆ¸	Sunrise Seto	34.9877267703294, 135.74346181032334	station	station
https://x.com/akaihaato/status/1934094785901740229	ã“ã“ã‚ãŒè§£ã‘ãŸç¬é–“ã€‚	The moment my heart melted.	æ—¥å…‰çˆç²	Nikko Coffee	36.75324173314462, 139.59529833144472	cafe	cafe
https://x.com/akaihaato/status/1933737651255062650	è½ã¡ç€ãç©ºé–“ã€‚ã“ã‚“ãªå®¶ã«ä½ã‚“ã§ã¿ãŸã„ã€‚	A calming space. I'd love to live in a house like this.	æ—¥å…‰çˆç²	Nikko Coffee	36.75324173314462, 139.59529833144472	cafe	cafe
https://x.com/akaihaato/status/1933456023630852351	â™¨ã‚µã‚¦ãƒŠã§æ•´ã„ä¸‰æ˜§ã§ãã‚‹æ—…é¤¨ï¼âœ¨ ShortğŸ†™ã—ãŸã‚ˆï½ã£ï¼ã¿ã¦ã­ğŸ«¶	A ryokan where you can indulge in sauna bliss!â™¨âœ¨ Just uploaded a shortğŸ†™! Check it outğŸ«¶	å¯Œå£«å±±ã®è¦‹ãˆã‚‹å…¨å®¤å€‹å®¤ã‚µã‚¦ãƒŠä»˜æ—…é¤¨ ã—ãšã	Sauna Inn Ryokan Shizuku	35.42093261909258, 138.85212857116395	hotel	hotel
https://www.youtube.com/shorts/ZdlNk_XY6ow	ã‚µã‚¦ãƒŠã§æ•´ã„ä¸‰æ˜§ï¼ï¼Ÿæœ€é«˜ã®æ—…é¤¨ã¿ã¤ã‘ãŸï¼ï¼	Sauna bliss!? I found the ultimate ryokan!!	å¯Œå£«å±±ã®è¦‹ãˆã‚‹å…¨å®¤å€‹å®¤ã‚µã‚¦ãƒŠä»˜æ—…é¤¨ ã—ãšã	Sauna Inn Ryokan Shizuku	35.42093261909258, 138.85212857116395	hotel	hotel
https://x.com/akaihaato/status/1933364311768105308	é£²ã¿å¹²ã™ã¨å°ã•ãªä¸–ç•ŒãŒåºƒãŒã£ã¦ãŸã€‚	When I finished my drink, a tiny world unfolded.	å—çˆç²åº—	Minami Coffee, Takamatsu	34.34086442893536, 134.04932275010322	cafe	cafe
https://x.com/akaihaato/status/1933362568132981130	ã¡ã‚‡ã£ã¨ä¸€æ¯ã€ãƒ†ã‚£ãƒ¼ã‚¿ã‚¤ãƒ â˜•ï¸	Taking a little break - tea timeâ˜•ï¸	å—çˆç²åº—	Minami Coffee, Takamatsu	34.34086442893536, 134.04932275010322	cafe	cafe
https://x.com/akaihaato/status/1932998637539459197	ã‚‚ã‚Šã‚‚ã‚Šã®ãƒŠãƒãƒªã‚¿ãƒ³ã‚‚ç¾å‘³ã—ã‹ã£ãŸã€‚	The heaping Napolitan was delicious too.	å–«èŒ¶åº—ã‚®ã‚ªãƒ³	Cafe gion, Suginami City	35.705139052251255, 139.63713088516926	cafe	cafe
https://x.com/akaihaato/status/1932998171254534285	æ€ã„å‡ºã«èŠ±ã‚’å’²ã‹ã›ãŸå–«èŒ¶åº—ğŸŒ·	A cafe where memories bloomedğŸŒ·	å–«èŒ¶åº—ã‚®ã‚ªãƒ³	Cafe gion, Suginami City	35.705139052251255, 139.63713088516926	cafe	cafe
https://x.com/akaihaato/status/1932997692952883590	ç´”å–«èŒ¶ã€ŒGionã€ã€€ãƒ–ãƒ©ãƒ³ã‚³æ¤…å­ãŒã‚ã‚‹çã—ã„ãŠåº—ã ã€‚	Retro cafe â€œGionâ€ - a rare shop with swing chairs.	å–«èŒ¶åº—ã‚®ã‚ªãƒ³	Cafe gion, Suginami City	35.705139052251255, 139.63713088516926	cafe	cafe
https://www.youtube.com/watch?v=VLpbjHxO_WU	åƒè‘‰ã«ã‚ã‚‹å±±ãŒå£®å¤§éããŸï¼	The mountains in Chiba were just too magnificent!	é‹¸å±±ãƒ­ãƒ¼ãƒ—ã‚¦ã‚§ãƒ¼	Nokogiri-yama Ropeway	35.15930296602992, 139.82706881693625	attraction	attraction
https://x.com/akaihaato/status/1932383463711375672	ã‚ã‚Œã‹ã‚‰ã€ä¸€å¹´ã€‚ã€€ã¾ãŸä¼šãˆãŸã­ã€‚	One year since then. We met again.	çŸ³åˆ‡ã‚Šå ´ï¼ˆé‹¸å±±ï¼‰	Ishikiriba, Nokogiri-yama	35.15995001710424, 139.83431439929112	attraction	attraction
https://x.com/akaihaato/status/1932381197285687649	é‡‘ç­–ã‚µãƒã‚¤ãƒãƒ«â€¦ã¤ã„ã«å§‹ã¾ã£ãŸãª	Money-hunting survivalâ€¦ it's finally begun.	å²©èˆå°ï¼ˆé‹¸å±±ï¼‰	Stone Stage (å²©èˆå° é‹¸å±±)	35.16010489557217, 139.83489233629135	attraction	attraction
https://x.com/akaihaato/status/1932380481464770582	ãªã‚“ã‹ç‰©èªã¯ã˜ã¾ã‚Šãã†ãƒ»ãƒ»ãƒ»ãƒ»	Feels like a story is about to beginâ€¦	é‹¸å±±ãƒ­ãƒ¼ãƒ—ã‚¦ã‚§ãƒ¼	Nokogiri-yama Ropeway	35.15930296602992, 139.82706881693625	attraction	attraction
https://youtu.be/QDPE1bSVxPQ?t=3184	ã€ç™»å±±ã€‘åƒè‘‰ãƒ©ãƒ”ãƒ¥ã‚¿ï¼ï¼Ÿã€é‹¸å±±ã€ã„ã£ã¦ããŸããƒ¼ï¼âœŠğŸ”¥ã€ãƒ›ãƒ­ãƒ©ã‚¤ãƒ–/èµ¤äº•ã¯ã‚ã¨ã€‘	[Hiking] Laputa in Chiba!? I went to Nokogiri-yama!âœŠğŸ”¥	æ±äº¬æ¹¾ãƒ•ã‚§ãƒªãƒ¼ é‡‘è°·æ¸¯ã®ã‚Šã°	Tokyo-Wan Ferry Kanaya Port Passenger Terminal	35.16910975736675, 139.8176901570891	sail	sail
https://youtu.be/QDPE1bSVxPQ?t=2952	ã€ç™»å±±ã€‘åƒè‘‰ãƒ©ãƒ”ãƒ¥ã‚¿ï¼ï¼Ÿã€é‹¸å±±ã€ã„ã£ã¦ããŸããƒ¼ï¼âœŠğŸ”¥ã€ãƒ›ãƒ­ãƒ©ã‚¤ãƒ–/èµ¤äº•ã¯ã‚ã¨ã€‘	[Hiking] Laputa in Chiba!? I went to Nokogiri-yama!âœŠğŸ”¥	æµ·é®®æµœç„¼ã ã¾ã‚‹ã¯ã¾	Kaisen Maruhama	35.16810524782487, 139.81899446675806	restaurant	restaurant
https://youtu.be/QDPE1bSVxPQ?t=2832	ã€ç™»å±±ã€‘åƒè‘‰ãƒ©ãƒ”ãƒ¥ã‚¿ï¼ï¼Ÿã€é‹¸å±±ã€ã„ã£ã¦ããŸããƒ¼ï¼âœŠğŸ”¥ã€ãƒ›ãƒ­ãƒ©ã‚¤ãƒ–/èµ¤äº•ã¯ã‚ã¨ã€‘	[Hiking] Laputa in Chiba!? I went to Nokogiri-yama!âœŠğŸ”¥	é‹¸å±±ãƒ­ãƒ¼ãƒ—ã‚¦ã‚§ãƒ¼	Nokogiri-yama Ropeway	35.15930296602992, 139.82706881693625	attraction	attraction
https://youtu.be/QDPE1bSVxPQ?t=2674	ã€ç™»å±±ã€‘åƒè‘‰ãƒ©ãƒ”ãƒ¥ã‚¿ï¼ï¼Ÿã€é‹¸å±±ã€ã„ã£ã¦ããŸããƒ¼ï¼âœŠğŸ”¥ã€ãƒ›ãƒ­ãƒ©ã‚¤ãƒ–/èµ¤äº•ã¯ã‚ã¨ã€‘	[Hiking] Laputa in Chiba!? I went to Nokogiri-yama!âœŠğŸ”¥	å±±é ‚å±•æœ›é£Ÿå ‚ï¼ˆé‹¸å±±ï¼‰	Sanchou Tenbou Shokudo (å±±é ‚å±•æœ›é£Ÿå ‚)	35.158160700842096, 139.82862778799512	restaurant	restaurant
https://youtu.be/QDPE1bSVxPQ?t=2358	ã€ç™»å±±ã€‘åƒè‘‰ãƒ©ãƒ”ãƒ¥ã‚¿ï¼ï¼Ÿã€é‹¸å±±ã€ã„ã£ã¦ããŸããƒ¼ï¼âœŠğŸ”¥ã€ãƒ›ãƒ­ãƒ©ã‚¤ãƒ–/èµ¤äº•ã¯ã‚ã¨ã€‘	[Hiking] Laputa in Chiba!? I went to Nokogiri-yama!âœŠğŸ”¥	åœ°ç„ã®ãã	Jigoku Nozoki (View of Hell)	35.15931967566867, 139.83320501494677	attraction	attraction
https://youtu.be/QDPE1bSVxPQ?t=2323	ã€ç™»å±±ã€‘åƒè‘‰ãƒ©ãƒ”ãƒ¥ã‚¿ï¼ï¼Ÿã€é‹¸å±±ã€ã„ã£ã¦ããŸããƒ¼ï¼âœŠğŸ”¥ã€ãƒ›ãƒ­ãƒ©ã‚¤ãƒ–/èµ¤äº•ã¯ã‚ã¨ã€‘	[Hiking] Laputa in Chiba!? I went to Nokogiri-yama!âœŠğŸ”¥	é‹¸å±±ãƒ­ãƒ¼ãƒ—ã‚¦ã‚§ãƒ¼ é‹¸å±±å±±é ‚é§…	Nokogiri-yama Ropeway Summit Station	35.158282174851735, 139.8288236394568	attraction	attraction
https://youtu.be/QDPE1bSVxPQ?t=2094	ã€ç™»å±±ã€‘åƒè‘‰ãƒ©ãƒ”ãƒ¥ã‚¿ï¼ï¼Ÿã€é‹¸å±±ã€ã„ã£ã¦ããŸããƒ¼ï¼âœŠğŸ”¥ã€ãƒ›ãƒ­ãƒ©ã‚¤ãƒ–/èµ¤äº•ã¯ã‚ã¨ã€‘	[Hiking] Laputa in Chiba!? I went to Nokogiri-yama!âœŠğŸ”¥	ãƒ©ãƒ”ãƒ¥ã‚¿ã®å£	Wall of Laputa	35.15948197740093, 139.8313166992116	attraction	attraction
https://youtu.be/QDPE1bSVxPQ?t=1183	ã€ç™»å±±ã€‘åƒè‘‰ãƒ©ãƒ”ãƒ¥ã‚¿ï¼ï¼Ÿã€é‹¸å±±ã€ã„ã£ã¦ããŸããƒ¼ï¼âœŠğŸ”¥ã€ãƒ›ãƒ­ãƒ©ã‚¤ãƒ–/èµ¤äº•ã¯ã‚ã¨ã€‘	[Hiking] Laputa in Chiba!? I went to Nokogiri-yama!âœŠğŸ”¥	å²©èˆå°ï¼ˆé‹¸å±±ï¼‰	Stone Stage (å²©èˆå° é‹¸å±±)	35.16010489557217, 139.83489233629135	attraction	attraction
https://youtu.be/QDPE1bSVxPQ?t=912	ã€ç™»å±±ã€‘åƒè‘‰ãƒ©ãƒ”ãƒ¥ã‚¿ï¼ï¼Ÿã€é‹¸å±±ã€ã„ã£ã¦ããŸããƒ¼ï¼âœŠğŸ”¥ã€ãƒ›ãƒ­ãƒ©ã‚¤ãƒ–/èµ¤äº•ã¯ã‚ã¨ã€‘	[Hiking] Laputa in Chiba!? I went to Nokogiri-yama!âœŠğŸ”¥	çŸ³åˆ‡ã‚Šå ´ï¼ˆé‹¸å±±ï¼‰	Ishikiriba, Nokogiri-yama	35.15995001710424, 139.83431439929112	attraction	attraction
https://youtu.be/QDPE1bSVxPQ?t=838	ã€ç™»å±±ã€‘åƒè‘‰ãƒ©ãƒ”ãƒ¥ã‚¿ï¼ï¼Ÿã€é‹¸å±±ã€ã„ã£ã¦ããŸããƒ¼ï¼âœŠğŸ”¥ã€ãƒ›ãƒ­ãƒ©ã‚¤ãƒ–/èµ¤äº•ã¯ã‚ã¨ã€‘	[Hiking] Laputa in Chiba!? I went to Nokogiri-yama!âœŠğŸ”¥	æ¨‹é“è·¡ï¼ˆé‹¸å±±ï¼‰	Toi Michi, Nokogiri-yama	35.16007583797621, 139.83178791925317	attraction	attraction
https://youtu.be/QDPE1bSVxPQ?t=480	ã€ç™»å±±ã€‘åƒè‘‰ãƒ©ãƒ”ãƒ¥ã‚¿ï¼ï¼Ÿã€é‹¸å±±ã€ã„ã£ã¦ããŸããƒ¼ï¼âœŠğŸ”¥ã€ãƒ›ãƒ­ãƒ©ã‚¤ãƒ–/èµ¤äº•ã¯ã‚ã¨ã€‘	[Hiking] Laputa in Chiba!? I went to Nokogiri-yama!âœŠğŸ”¥	é‹¸å±± è¦³æœˆå°ç™»å±±å£	Mount Nokogiri Trailhead (é‹¸å±± è¦³æœˆå°ç™»å±±å£)	35.165249500590576, 139.8275733517693	attraction	attraction
https://youtu.be/QDPE1bSVxPQ?t=306	ã€ç™»å±±ã€‘åƒè‘‰ãƒ©ãƒ”ãƒ¥ã‚¿ï¼ï¼Ÿã€é‹¸å±±ã€ã„ã£ã¦ããŸããƒ¼ï¼âœŠğŸ”¥ã€ãƒ›ãƒ­ãƒ©ã‚¤ãƒ–/èµ¤äº•ã¯ã‚ã¨ã€‘	[Hiking] Laputa in Chiba!? I went to Nokogiri-yama!âœŠğŸ”¥	æµœé‡‘è°·é§…	Hamakanaya Station	35.16814849580906, 139.82227801921616	station	station
https://x.com/akaihaato/status/1932346117586653316	åƒè‘‰ã«ç™»å±±ã„ã£ã¦ããŸâ€¼ï¸	I went hiking in Chibaâ€¼ï¸	çŸ³åˆ‡ã‚Šå ´ï¼ˆé‹¸å±±ï¼‰	Ishikiriba, Nokogiri-yama	35.15995001710424, 139.83431439929112	attraction	attraction
https://x.com/akaihaato/status/1932039878805758006	ãƒœãƒ¼ãƒˆã‚‚ä¹—ã£ãŸã‚ˆï¼ğŸ›¶	I rode a boat too!ğŸ›¶	äº•ã®é ­å…¬åœ’ ãƒœãƒ¼ãƒˆå ´	Inokashira Boat house	35.69950256848502, 139.57713765175905	sail	sail
https://x.com/akaihaato/status/1931924644380205144	ã™ã†ã¯ã‚ãƒ‡ãƒ¼ãƒˆğŸ’˜	Suuhaa dateğŸ’˜	ã‚†ã‚Šã‚ãºã‚€ãºã‚‹	Yuria Pemuperu	35.70285982659972, 139.57854212475104	cafe	cafe
https://x.com/akaihaato/status/1929747142723489928	å¾…æœ›ã®ä¸‹å±±ãƒ¡ã‚·ğŸ¤¤	The long-awaited post-hike mealğŸ¤¤	æµ·é®®æµœç„¼ã ã¾ã‚‹ã¯ã¾	Kaisen Maruhama	35.16810524782487, 139.81899446675806	restaurant	restaurant
https://x.com/akaihaato/status/1929740826755977266	åƒè‘‰ã‚¸ãƒ£ãƒ³ã‚°ãƒ«ãªã†âœŒğŸ»	Deep in the Chiba jungle nowâœŒğŸ»	é‹¸å±±	Nokogiri-yama	35.1655096094454, 139.82754481114503	attraction	attraction
https://x.com/akaihaato/status/1929740645813678544	ãƒ©ãƒ”ãƒ¥ã‚¿ã¯â€¦â€¦â€¦æœ¬å½“ã«ã‚ã£ãŸã‚“ã ï¼	Laputaâ€¦ it really existed!	ãƒ©ãƒ”ãƒ¥ã‚¿ã®å£	Wall of Laputa	35.15948197740093, 139.8313166992116	attraction	attraction
https://x.com/akaihaato/status/1928665961336549831	æ—…çµ‚ã‚ã‚Šã£ã¦ã„ã¤ã‚‚åˆ‡ãªã„ã€‚	The end of a journey is always bittersweet.	ä¸‹ä»Šå¸‚é§…	Imaichi Station	36.72569985510373, 139.69238608339808	station	station
https://x.com/akaihaato/status/1928664367303663730	ã‚«ãƒ¼ãƒ†ãƒ³ã®å‘ã“ã†ã«ã€é¬¼æ€’å·ã®è¡—ãŒåºƒãŒã£ã¦ãŸã€‚	Beyond the curtain, the town of Kinugawa spread out.	é¬¼æ€’å·ã‚°ãƒ©ãƒ³ãƒ‰ãƒ›ãƒ†ãƒ« å¤¢ã®å­£	Kinugawa Grand Hotel Yume no Toki	36.824935558809614, 139.72097627687882	hotel	hotel
https://x.com/akaihaato/status/1928397152532746430	ã‚ã‚ŠãŒã¨ã†ã€æ ƒæœ¨â—ï¸ã€€æœ€é«˜ã ã£ãŸã€‚	Thank you, Tochigiâ—ï¸It was amazing.	æ±æ­¦æ—¥å…‰é§…	Tobu Nikko Station	36.7483257370081, 139.61956298985316	station	station
https://x.com/akaihaato/status/1928300023705481501	å»ã‚Šéš›ã®å¾Œã‚å§¿ãŸã¡	The silhouettes as they walked away.	ä¸‹ä»Šå¸‚é§…	Imaichi Station	36.72569985510373, 139.69238608339808	station	station
https://youtu.be/2GZgQOgAZRU?t=7180	ã€æ—…ã€‘ã¡ã‚ƒã¾ã¨æ—…ã™ã‚‹ï¼æ ƒæœ¨ã§å¤§å†’é™ºã ã‚ã‚ã‚ã‚ï¼â›©ã€ãƒ›ãƒ­ãƒ©ã‚¤ãƒ–/èµ¤äº•ã¯ã‚ã¨ã€‘	[Trip] Have a trip with chama! Great adventure in Tochigi! â›©	SLå±•ç¤ºé¤¨ï¼ˆä¸‹ä»Šå¸‚ï¼‰	SL Museum, Imaichi	36.72594675986246, 139.69283623733367	station	station
https://youtu.be/2GZgQOgAZRU?t=5214	ã€æ—…ã€‘ã¡ã‚ƒã¾ã¨æ—…ã™ã‚‹ï¼æ ƒæœ¨ã§å¤§å†’é™ºã ã‚ã‚ã‚ã‚ï¼â›©ã€ãƒ›ãƒ­ãƒ©ã‚¤ãƒ–/èµ¤äº•ã¯ã‚ã¨ã€‘	[Trip] Have a trip with chama! Great adventure in Tochigi! â›©	é¬¼æ€’å·ã‚°ãƒ©ãƒ³ãƒ‰ãƒ›ãƒ†ãƒ« å¤¢ã®å­£	Kinugawa Grand Hotel Yume no Toki	36.824935558809614, 139.72097627687882	hotel	hotel
https://youtu.be/2GZgQOgAZRU?t=3999	ã€æ—…ã€‘ã¡ã‚ƒã¾ã¨æ—…ã™ã‚‹ï¼æ ƒæœ¨ã§å¤§å†’é™ºã ã‚ã‚ã‚ã‚ï¼â›©ã€ãƒ›ãƒ­ãƒ©ã‚¤ãƒ–/èµ¤äº•ã¯ã‚ã¨ã€‘	[Trip] Have a trip with chama! Great adventure in Tochigi! â›©	æ—¥å…‰æ±Ÿæˆ¶æ‘	Edo Wonderland	36.79090249129398, 139.69741230499176	attraction	attraction
https://youtu.be/2GZgQOgAZRU?t=3847	ã€æ—…ã€‘ã¡ã‚ƒã¾ã¨æ—…ã™ã‚‹ï¼æ ƒæœ¨ã§å¤§å†’é™ºã ã‚ã‚ã‚ã‚ï¼â›©ã€ãƒ›ãƒ­ãƒ©ã‚¤ãƒ–/èµ¤äº•ã¯ã‚ã¨ã€‘	[Trip] Have a trip with chama! Great adventure in Tochigi! â›©	æ–°é«˜å¾³é§…	Shin-takatoku Station	36.77945519161578, 139.71119621842163	station	station
https://youtu.be/2GZgQOgAZRU?t=3672	ã€æ—…ã€‘ã¡ã‚ƒã¾ã¨æ—…ã™ã‚‹ï¼æ ƒæœ¨ã§å¤§å†’é™ºã ã‚ã‚ã‚ã‚ï¼â›©ã€ãƒ›ãƒ­ãƒ©ã‚¤ãƒ–/èµ¤äº•ã¯ã‚ã¨ã€‘	[Trip] Have a trip with chama! Great adventure in Tochigi! â›©	é¬¼æ€’æ¥¯å²©å¤§åŠæ©‹	Kinutateiwaotsuri Bridge	36.82066407850525, 139.70839639765737	attraction	attraction
https://youtu.be/2GZgQOgAZRU?t=3178	ã€æ—…ã€‘ã¡ã‚ƒã¾ã¨æ—…ã™ã‚‹ï¼æ ƒæœ¨ã§å¤§å†’é™ºã ã‚ã‚ã‚ã‚ï¼â›©ã€ãƒ›ãƒ­ãƒ©ã‚¤ãƒ–/èµ¤äº•ã¯ã‚ã¨ã€‘	[Trip] Have a trip with chama! Great adventure in Tochigi! â›©	æ±æ­¦æ—¥å…‰é§…	Tobu Nikko Station	36.7483257370081, 139.61956298985316	station	station
https://youtu.be/2GZgQOgAZRU?t=2874	ã€æ—…ã€‘ã¡ã‚ƒã¾ã¨æ—…ã™ã‚‹ï¼æ ƒæœ¨ã§å¤§å†’é™ºã ã‚ã‚ã‚ã‚ï¼â›©ã€ãƒ›ãƒ­ãƒ©ã‚¤ãƒ–/èµ¤äº•ã¯ã‚ã¨ã€‘	[Trip] Have a trip with chama! Great adventure in Tochigi! â›©	NIKKO æ˜æ²»ã®é¤¨	Restaurant Meiji-No-Yakata	36.75674790503097, 139.60292576239578	restaurant	restaurant
https://youtu.be/2GZgQOgAZRU?t=2563	ã€æ—…ã€‘ã¡ã‚ƒã¾ã¨æ—…ã™ã‚‹ï¼æ ƒæœ¨ã§å¤§å†’é™ºã ã‚ã‚ã‚ã‚ï¼â›©ã€ãƒ›ãƒ­ãƒ©ã‚¤ãƒ–/èµ¤äº•ã¯ã‚ã¨ã€‘	[Trip] Have a trip with chama! Great adventure in Tochigi! â›©	æ—¥å…‰é‡‘è°·ãƒ›ãƒ†ãƒ«	Nikko Kanaya Hotel	36.752179545086584, 139.60415133408756	hotel	hotel
https://youtu.be/2GZgQOgAZRU?t=2212	ã€æ—…ã€‘ã¡ã‚ƒã¾ã¨æ—…ã™ã‚‹ï¼æ ƒæœ¨ã§å¤§å†’é™ºã ã‚ã‚ã‚ã‚ï¼â›©ã€ãƒ›ãƒ­ãƒ©ã‚¤ãƒ–/èµ¤äº•ã¯ã‚ã¨ã€‘	[Trip] Have a trip with chama! Great adventure in Tochigi! â›©	æ—¥å…‰çˆç² å¾¡ç”¨é‚¸é€š	Nikko Coffee (æ—¥å…‰çˆç² å¾¡ç”¨é‚¸é€š)	36.75324173314462, 139.59529833144472	cafe	cafe
https://youtu.be/2GZgQOgAZRU?t=1760	ã€æ—…ã€‘ã¡ã‚ƒã¾ã¨æ—…ã™ã‚‹ï¼æ ƒæœ¨ã§å¤§å†’é™ºã ã‚ã‚ã‚ã‚ï¼â›©ã€ãƒ›ãƒ­ãƒ©ã‚¤ãƒ–/èµ¤äº•ã¯ã‚ã¨ã€‘	[Trip] Have a trip with chama! Great adventure in Tochigi! â›©	æœ¬å®®ã‚«ãƒ•ã‚§	Hongu Cafe, Nikko	36.75403921038893, 139.60425873325175	cafe	cafe
https://youtu.be/2GZgQOgAZRU?t=1300	ã€æ—…ã€‘ã¡ã‚ƒã¾ã¨æ—…ã™ã‚‹ï¼æ ƒæœ¨ã§å¤§å†’é™ºã ã‚ã‚ã‚ã‚ï¼â›©ã€ãƒ›ãƒ­ãƒ©ã‚¤ãƒ–/èµ¤äº•ã¯ã‚ã¨ã€‘	[Trip] Have a trip with chama! Great adventure in Tochigi! â›©	ã‚†ã°ã‚«ãƒ•ã‚§ è‘‰æœˆ	Yuba cafe Hazuki	36.75385807083013, 139.59764074461089	cafe	cafe
https://youtu.be/2GZgQOgAZRU?t=1090	ã€æ—…ã€‘ã¡ã‚ƒã¾ã¨æ—…ã™ã‚‹ï¼æ ƒæœ¨ã§å¤§å†’é™ºã ã‚ã‚ã‚ã‚ï¼â›©ã€ãƒ›ãƒ­ãƒ©ã‚¤ãƒ–/èµ¤äº•ã¯ã‚ã¨ã€‘	[Trip] Have a trip with chama! Great adventure in Tochigi! â›©	èŒ¶å¯® æ—¥ã‚Šã‚“	Saryo Nichi-Rin, Nikko	36.75470641942072, 139.59721801275833	cafe	cafe
https://youtu.be/2GZgQOgAZRU?t=830	ã€æ—…ã€‘ã¡ã‚ƒã¾ã¨æ—…ã™ã‚‹ï¼æ ƒæœ¨ã§å¤§å†’é™ºã ã‚ã‚ã‚ã‚ï¼â›©ã€ãƒ›ãƒ­ãƒ©ã‚¤ãƒ–/èµ¤äº•ã¯ã‚ã¨ã€‘	[Trip] Have a trip with chama! Great adventure in Tochigi! â›©	èŒ¶ã¾ã³ã“	Chamabico, Nikko	36.75560896232648, 139.59659692313468	cafe	cafe
https://youtu.be/2GZgQOgAZRU?t=516	ã€æ—…ã€‘ã¡ã‚ƒã¾ã¨æ—…ã™ã‚‹ï¼æ ƒæœ¨ã§å¤§å†’é™ºã ã‚ã‚ã‚ã‚ï¼â›©ã€ãƒ›ãƒ­ãƒ©ã‚¤ãƒ–/èµ¤äº•ã¯ã‚ã¨ã€‘	[Trip] Have a trip with chama! Great adventure in Tochigi! â›©	ç¥æ©‹ï¼ˆæ—¥å…‰ï¼‰	Shinkyo Bridge, Nikko	36.75338189506545, 139.6039995462322	attraction	attraction
https://x.com/akaihaato/status/1928288021599629338	æ˜æ²»ã®é¤¨ã§é£Ÿã¹ãŸã€€ã¾ã‚ã‚„ã‹ãƒãƒ¤ã‚·ãƒ©ã‚¤ã‚¹ğŸ›	The creamy Hayashi rice I ate at Meiji no YakatağŸ›	NIKKO æ˜æ²»ã®é¤¨	Restaurant Meiji-No-Yakata	36.75674790503097, 139.60292576239578	restaurant	restaurant
https://x.com/akaihaato/status/1928286978757312892	ã½ã¤ã‚“ã¨ä½‡ã‚“ã§ãŸ	Standing quietly, all alone.	NIKKO æ˜æ²»ã®é¤¨	Restaurant Meiji-No-Yakata	36.75674790503097, 139.60292576239578	restaurant	restaurant
https://x.com/akaihaato/status/1928129177405837381	å¥¥ã«èª°ã‹ã„ã‚‹ã‹ãª	I wonder if someone's over there	é¬¼æ€’å·ã‚°ãƒ©ãƒ³ãƒ‰ãƒ›ãƒ†ãƒ« å¤¢ã®å­£	Kinugawa Grand Hotel Yume no Toki	36.824935558809614, 139.72097627687882	hotel	hotel
https://x.com/akaihaato/status/1928125560213098607	æ·±å¤œã®æ—…é¤¨å¾˜å¾Š	Late-night wandering around the ryokan	é¬¼æ€’å·ã‚°ãƒ©ãƒ³ãƒ‰ãƒ›ãƒ†ãƒ« å¤¢ã®å­£	Kinugawa Grand Hotel Yume no Toki	36.824935558809614, 139.72097627687882	hotel	hotel
https://x.com/akaihaato/status/1927928474590761437	æ—¥å…‰ã®æ–°æ©‹ã«ã‚„ã£ã¦ããŸâ›©ï¸	Arrived at the Shinkyou in Nikkoâ›©ï¸	ç¥æ©‹ï¼ˆæ—¥å…‰ï¼‰	Shinkyo Bridge	36.75338189506545, 139.6039995462322	attraction	attraction
https://x.com/akaihaato/status/1927208427903672798	æ˜ ç”»ã®ãƒ¯ãƒ³ã‚·ãƒ¼ãƒ³ã¿ãŸã„ãªå¾Œã‚å§¿	A silhouette like a scene from a movie.	æ—¥å…‰æ±Ÿæˆ¶æ‘	Edo Wonderland	36.79090249129398, 139.69741230499176	attraction	attraction
https://x.com/akaihaato/status/1927206175285670389	è‡ªåˆ†ã§ç„¼ã„ãŸãŠç…é¤…ã¯ä½•å€ã‚‚ãŠã„ã—ã„	Senbei you grill yourself tastes so much better.	æ—¥å…‰æ±Ÿæˆ¶æ‘	Edo Wonderland	36.79090249129398, 139.69741230499176	attraction	attraction
https://x.com/akaihaato/status/1927205801040498800	ãŠã›ã‚“ã¹ã„ä½“é¨“ğŸ˜ã€€ã˜ã‚“ã‚ã‚Šç„¦ã’ã¦ãã®ãŒæ¥½ã—ã„	Senbei-making experienceğŸ˜ Watching it slowly brown was fun.	æ—¥å…‰æ±Ÿæˆ¶æ‘	Edo Wonderland	36.79090249129398, 139.69741230499176	attraction	attraction
https://x.com/akaihaato/status/1927199261248086422	æ±Ÿæˆ¸æ‘ã«å‚ä¸Šâ—ï¸	Entered Edo Wonderlandâ—ï¸	æ—¥å…‰æ±Ÿæˆ¶æ‘	Edo Wonderland	36.79090249129398, 139.69741230499176	attraction	attraction
https://x.com/akaihaato/status/1926840568463639024	é¬¼æ€’å·ã®è¿‘é“ãƒ¯ã‚¯ãƒ¯ã‚¯ã—ãŸã€‚	The shortcut near Kinugawa was exciting.	é¬¼æ€’å·æ¸©æ³‰é§…	Kinugawa-onsen Station	36.82300736272695, 139.71706116092307	station	station
https://x.com/akaihaato/status/1926839931965428071	å“€æ„æ¼‚ã†ä¿¡å·æ©Ÿã‚’ã¿ã¤ã‘ãŸï¼	Found a traffic light full of melancholy!	é¬¼æ€’å·æ¸©æ³‰é§…	Kinugawa-onsen Station	36.82300736272695, 139.71706116092307	station	station
https://x.com/akaihaato/status/1926467745614385237	æ¥½ã—ã¿ã¯ã‚„ã£ã±ã‚Šé§…å¼ï¼ğŸ£	The exciting part is definitely the train station bento! ğŸ£	ä¸‹ä»Šå¸‚é§…	Imaichi Station	36.72569985510373, 139.69238608339808	station	station
https://x.com/akaihaato/status/1926244555076075929	é‡åŸã«è³ãˆç«‹ã¤ã€€ãƒãƒ¼ãƒ ã‚¯ãƒ¼ãƒ˜ãƒ³ãŒè¦‹ãˆãŸ	Saw a towering Baumkuchen in the field.	ä¸‹ä»Šå¸‚é§…	Imaichi Station	36.72569985510373, 139.69238608339808	station	station
https://x.com/akaihaato/status/1926125205669265590	é›»è»Šæ—…ã®ã¯ã˜ã¾ã‚ŠğŸšƒ	The train journey beginsğŸšƒ	æ±æ­¦ãƒ¯ãƒ¼ãƒ«ãƒ‰ã‚¹ã‚¯ã‚¦ã‚§ã‚¢é§…	Tobu World Square Station	36.80860589560074, 139.7092779495572	station	station
https://x.com/akaihaato/status/1926111719002103920	ç·šè·¯ã¯ç¶šãã‚ˆã€€ã©ã“ã¾ã§ã‚‚	The tracks go on forever.	æ±æ­¦ãƒ¯ãƒ¼ãƒ«ãƒ‰ã‚¹ã‚¯ã‚¦ã‚§ã‚¢é§…	Tobu World Square Station	36.80860589560074, 139.7092779495572	station	station
https://x.com/akaihaato/status/1925762991523242098	äººç”Ÿã¯å†’é™ºã ã€€åœ°å›³ã¯ãªã€œã„ã‘ã‚Œã©ã€œï¼	Life is an adventure, but there's no map!	æ²³å£æ¹–ï½ã†ã®å³¶	Lake Kawaguchi - Uno Island	35.515357143713786, 138.74333364201667	sail	sail
https://x.com/akaihaato/status/1925755666238423528	é‹å‘½ã®åˆ†ã‹ã‚Œé“ã€‚ã©ã£ã¡ã«ã™ã‚‹ï¼Ÿ	A crossroads of fate. Which path will you choose?	ã†ã®å³¶	Uno Island, Lake Kawaguchi	35.514672845952106, 138.7438383741354	scenery	others
https://x.com/akaihaato/status/1925585548523315537	æµçŸ³ã«ãƒ›ãƒ©ãƒ¼ã€ã€ã€	That was seriously horror...	æ¸©æ³‰ã‚°ãƒ©ãƒ³ãƒ”ãƒ³ã‚° ã‚·ãƒãƒ–ãƒ«ãƒ¼	Shima Blue Onsen Glamping	36.692247936473144, 138.77409984559074	hotel	hotel
https://x.com/akaihaato/status/1925397265507918023	ã‚µã‚¦ãƒ³ã¡ã‚ƒã¾ã€‚ ãŠãµã¨ã‚“ã§ãƒãƒ«ã‚¿ã‚¤ãƒ ğŸ‘	Sauna-chama. Chill time in bed ğŸ‘	å¯Œå£«å±±ã®è¦‹ãˆã‚‹å…¨å®¤å€‹å®¤ã‚µã‚¦ãƒŠä»˜æ—…é¤¨ ã—ãšã	Sauna Inn Ryokan Shizuku	35.42093261909258, 138.85212857116395	hotel	hotel
https://x.com/akaihaato/status/1925028169050161585	ã¾ã•ã«çµµç”»ã¿ãŸã„ãªæ™¯è‰²ãŒåºƒãŒã£ã¦ãŸã€‚	The scenery looked just like a painting.	å¯Œå£«ãƒ“ãƒ¥ãƒ¼ãƒ›ãƒ†ãƒ«	Fuji View Hotel	35.508376776371534, 138.73859442245526	hotel	hotel
https://x.com/akaihaato/status/1924719546906390898	ã‚ã£ã¡ã‚ƒä¸¦ã‚“ã ã‹ã‚‰å¸½å­ã¨æ—¥å‚˜å¿…éœ€âœŠğŸ»ã€€ã¯ã‚ã¡ã‚ƒã¾ã¯æ°´ã‚‚å¸½å­ã‚‚æ—¥å‚˜ã‚‚ãªã2æ™‚é–“åŠä¸¦ã‚“ã§ã‚„ã°ã‹ã£ãŸâ€¦ã€‚ã€€ã‚„ã£ã¨ã®ã“ã¨é£Ÿã¹ã‚ŒãŸãƒ‘ãƒ•ã‚§ãŒè‡³ç¦ã™ããŸğŸ˜­ã€€é¸ã³ãã‚Œãªã‹ã£ãŸã‘ã©ãƒ©ã‚¶ãƒ‹ã‚¢ã‚‚é ¼ã‚“ã ï¼	Waited in line forever so hats and parasols were a must âœŠğŸ» I had no water, hat, or parasol and waited for 2.5 hours... it was intense. The parfait I finally got to eat was pure bliss ğŸ˜­ I couldn't decide, so I ordered lasagna too!	ã‚‚ã‚“ã¶ã‚‰ã‚“ï¼ˆå¯Œå£«å‰ç”°ï¼‰	Cafe Mont Blanc, Fujiyoshida	35.487412889973044, 138.80559414032538	cafe	cafe
https://x.com/akaihaato/status/1924719055375892672	ãƒ›ãƒƒãƒˆã‚¹ãƒãƒƒãƒˆã®ãƒ­ã‚±åœ°å·¡ã‚ŠğŸ›¸ã€€ãƒ¡ãƒ‹ãƒ¥ãƒ¼ãŒ200ç¨®é¡ã‚‚ã‚ã‚‹ã®å‡„ã™ãï¼ï¼	Exploring filming locations of hot spots ğŸ›¸ The menu had a surprising amount of 200 items!	ã‚‚ã‚“ã¶ã‚‰ã‚“ï¼ˆå¯Œå£«å‰ç”°ï¼‰	Cafe Mont Blanc, Fujiyoshida	35.487412889973044, 138.80559414032538	cafe	cafe
https://x.com/akaihaato/status/1924717825580834824	ãƒœãƒªãƒ¥ãƒ¼ãƒ æº€ç‚¹ã§ãƒ­ã‚±åœ°ã«ãªã£ãŸå–«èŒ¶åº—ğŸ’	A cafe that became a filming location and had huge portions ğŸ’	ã‚‚ã‚“ã¶ã‚‰ã‚“ï¼ˆå¯Œå£«å‰ç”°ï¼‰	Cafe Mont Blanc, Fujiyoshida	35.487412889973044, 138.80559414032538	cafe	cafe
https://x.com/akaihaato/status/1924505297122689103	æ•´ã£ã¡ã‚ƒã¾ã€‚ ã‚µã‚¦ãƒŠã‚¤ã‚­ã‚¿ã‚¤ã€‚	Refreshed-chama. I want to go to the sauna.	å¯Œå£«å±±ã®è¦‹ãˆã‚‹å…¨å®¤å€‹å®¤ã‚µã‚¦ãƒŠä»˜æ—…é¤¨ ã—ãšã	Sauna Inn Ryokan Shizuku	35.42093261909258, 138.85212857116395	hotel	hotel
https://x.com/akaihaato/status/1923225683611840889	åº—åãŒã€ŒãƒŸãƒ«ã‚­ãƒ¼ã‚¦ã‚§ã‚¤ã€ã£ã¦ã®ã‚‚å¥½ãğŸ«¶ã€€æ²³å£æ¹–å‘¨è¾ºã ã‹ã‚‰ã‚µã‚¤ã‚¯ãƒªãƒ³ã‚°ã™ã‚‹æ™‚ã«ã´ã£ãŸã‚Šã ã£ãŸï¼ã€€ã‚¯ãƒ¬ãƒ¼ãƒ—ãŒ1ç•ªäººæ°—ã§ã™â—ï¸ã£ã¦æ¿€æ¨ã—ã—ã¦ãŸã€‚	I also loved that the cafe was called â€œMilky Wayâ€ ğŸ«¶ It was perfect for cycling around Lake Kawaguchi! They were really hyping up the crepes as the most popular itemâ—ï¸	ãƒŸãƒ«ã‚­ãƒ¼ã‚¦ã‚§ã‚¤ï¼ˆæ²³å£æ¹–ï¼‰	Cafe Milky Way, Fujikawaguchiko	35.51079376343992, 138.7543878732319	cafe	cafe
https://x.com/akaihaato/status/1923224013821669735	ã‹ã‚ã„ã„ãŒè©°ã¾ã£ã¦ãŸå±±æ¢¨ã®å–«èŒ¶åº—ğŸ’	A cafe in Yamanashi packed with cuteness ğŸ’	ãƒŸãƒ«ã‚­ãƒ¼ã‚¦ã‚§ã‚¤ï¼ˆæ²³å£æ¹–ï¼‰	Cafe Milky Way, Fujikawaguchiko	35.51079376343992, 138.7543878732319	cafe	cafe
https://x.com/akaihaato/status/1923061557900067002	éƒ¨å±‹ã‚’çœŸã£æš—ã«ã—ã¦ã€€ã‚ˆãƒ¼ãè¦‹ã‚‹ã¨â€¦ã€‚	Turned off all the lights in the room. If you look closely...	å¯Œå£«ãƒ“ãƒ¥ãƒ¼ãƒ›ãƒ†ãƒ«	Fuji View Hotel	35.508376776371534, 138.73859442245526	hotel	hotel
https://x.com/akaihaato/status/1922959271467123071	ãŠåº—ã®åå‰ã¯ã€Œé‡è–”è–‡ã€ã§ã™â€¼ï¸ã€€æ›¸ãå¿˜ã‚Œã¦ãŸğŸ˜‚	The name of the cafe is Nobaraâ€¼ï¸ I forgot to write that ğŸ˜‚	é‡è–”è–‡ï¼ˆå¿é‡æ‘ï¼‰	Cafe and Bar Nobara, Oshino-mura	35.44796263237202, 138.84274875804786	cafe	cafe
https://x.com/akaihaato/status/1922940014406635939	âœˆæ—…ShortæŠ•ç¨¿ã—ãŸã‚ˆãŠãŠãŠãŠãŠâ€¼ï¸ã€€æ³¢ä¹±ä¸‡ä¸ˆã€å¥³ã²ã¨ã‚Šæ—…ã€‚inå››ä¸‡æ¸©æ³‰	âœˆ Posted a travel Shortâ€¼ï¸ A turbulent solo journey in Shima Onsen	å››ä¸‡æ¸©æ³‰	Shima Onsen	36.68559948072546, 138.7748665461008	attraction	attraction
https://www.youtube.com/shorts/l24N88m_FYE	æ³¢ä¹±ä¸‡ä¸ˆã€å¥³ã²ã¨ã‚Šæ—…ã€‚inå››ä¸‡æ¸©æ³‰	A turbulent solo journey in Shima Onsen	å››ä¸‡æ¸©æ³‰	Shima Onsen	36.68559948072546, 138.7748665461008	attraction	attraction
https://x.com/akaihaato/status/1922900934100750526	ç››ã‚Šã ãã•ã‚“ã®ãƒãƒ³ãƒãƒ¼ã‚°ã¨ã‚¯ãƒªãƒ¼ãƒ ã‚½ãƒ¼ãƒ€ã‚’æ³¨æ–‡âœ¨ã€€å¿é‡å…«æµ·ã‹ã‚‰æ­©ãã§26åˆ†ã§ããŸè©±ã‚’ã—ãŸã‚‰ãƒãƒŠãƒŠã‚±ãƒ¼ã‚­ã‚’ã‚µãƒ¼ãƒ“ã‚¹ã—ã¦ãã‚Œã¦å¬‰ã—ã‹ã£ãŸã€‚ã€€è»Šã§ã¯5åˆ†ï¼ğŸš—	Ordered a hearty hamburger and cream soda âœ¨ When I told them I walked 26 minutes from Oshino Hakkai, they gave me banana cake as a treat. By car, it's just 5 minutes! ğŸš—	é‡è–”è–‡ï¼ˆå¿é‡æ‘ï¼‰	Cafe and Bar Nobara, Oshino-mura	35.44796263237202, 138.84274875804786	cafe	cafe
https://x.com/akaihaato/status/1922900569577943106	å¿é‡å…«æµ·ã®è¿‘ãã®å–«èŒ¶åº—ãŒã™ã”ã‹ã£ãŸï¼ï¼	The cafe near Oshino Hakkai was amazing!!	é‡è–”è–‡ï¼ˆå¿é‡æ‘ï¼‰	Cafe and Bar Nobara, Oshino-mura	35.44796263237202, 138.84274875804786	cafe	cafe
https://x.com/akaihaato/status/1922577640222859661	âœˆï¸æ—…ShortæŠ•ç¨¿ã—ãŸã‚ˆãŠãŠãŠâ€¼ï¸ã€€ãã‚“ã¾ãƒ¼å¸å›½ã«ä¾µå…¥ï¼ï¼Ÿå¤§å†’é™ºğŸ¤©	âœˆï¸ Posted a travel Shortâ€¼ï¸ Infiltrating the Gunma Empire!? A big adventure ğŸ¤©	ãŠããªã‚„ã®è¶³æ¹¯	Okinaya Footbath (ãŠããªã‚„ã®è¶³æ¹¯)	36.680723906018066, 138.78129919148958	cafe	cafe
https://www.youtube.com/shorts/wfOQpuSaXWU	ãã‚“ã¾ãƒ¼å¸å›½ã§å¤§å†’é™ºã—ã¦ããŸã‚‰æœ€é«˜ã™ããŸâ—ï¸	Had the most amazing time adventuring in the Gunma Empireâ—ï¸	ãŠããªã‚„ã®è¶³æ¹¯	Okinaya Footbath (ãŠããªã‚„ã®è¶³æ¹¯)	36.680723906018066, 138.78129919148958	cafe	cafe
https://x.com/akaihaato/status/1922215238994133031	âœˆæ—…ShortæŠ•ç¨¿ã—ãŸã‚ˆãŠãŠãŠãŠãŠâ€¼ï¸ã€€é…åˆ»ï¼ã ã‚ã‚ã‚ã‚ã‚ã‚ã‚ğŸ’¦ã€€ã“ã“ã¯ãƒ»ãƒ»ãƒ»ãƒ»ãƒ»ãƒ»ãƒ»ã©ã“ã ï¼ï¼Ÿ	âœˆ Posted a travel Shortâ€¼ï¸ Late! Nooooooo ğŸ’¦ Where... am I!?	æ¸©æ³‰ã‚°ãƒ©ãƒ³ãƒ”ãƒ³ã‚° ã‚·ãƒãƒ–ãƒ«ãƒ¼	Shima Blue Onsen Glamping	36.692247936473144, 138.77409984559074	hotel	hotel
https://www.youtube.com/shorts/dA-RDeGqMOY	æ—…å…ˆã§é…åˆ»ã—ãã†ãªã®ã«å±±å¥¥ãªä»¶ã€‚	Running late while traveling, and I'm deep in the mountains.	æ¸©æ³‰ã‚°ãƒ©ãƒ³ãƒ”ãƒ³ã‚° ã‚·ãƒãƒ–ãƒ«ãƒ¼	Shima Blue Onsen Glamping	36.692247936473144, 138.77409984559074	hotel	hotel
https://x.com/akaihaato/status/1921760907325055159	ã“ã®æ—¥ã¯æ›‡ã‚Šäºˆå ±ã§ãšã£ã¨è¦‹ã‚Œãªã‹ã£ãŸå¯Œå£«å±±ã§ã—ãŸãŒã€æ²³å£æ¹–ã®ä¸­ã«ã‚ã‚‹å­¤å³¶ã€Œã†ã®å³¶ã€ã«ã¦å‚æ‹ã‚’ã—ãŸã‚‰è¦‹ã‚Œã¾ã—ãŸğŸ‘ã€€å…ˆã£ã¡ã‚‡ã ã‘ã§ã‚‚å¤§æº€è¶³ï¼	It was supposed to be cloudy all day and I couldn't see Fuji, but after visiting the shrine on the island Unojima in Lake Kawaguchi, it appeared ğŸ‘ Even just the tip was enough to satisfy!	æ²³å£æ¹–ï½ã†ã®å³¶	Lake Kawaguchi - Uno Island	35.515357143713786, 138.74333364201667	sail	sail
https://x.com/akaihaato/status/1921759833788649919	ãƒ›ãƒƒãƒˆã‚¹ãƒãƒƒãƒˆå·¡ã£ãŸï¼âœŒï¸ğŸ›¸	Did a hot spot tour! âœŒï¸ğŸ›¸	ç²¾é€²ãƒã‚¦ãƒ³ãƒˆãƒ›ãƒ†ãƒ«	Shoji Mount Hotel	35.49205412963514, 138.60352771246244	hotel	hotel
https://x.com/akaihaato/status/1921759083247358418	æ¹–ã‹ã‚‰è¦‹ãŸå¯Œå£«å±±ãŒã™ã”ã‹ã£ãŸï¼ï¼ï¼	Mount Fuji seen from the lake was incredible!!!	æ²³å£æ¹–ï½ã†ã®å³¶	Lake Kawaguchi - Uno Island	35.515357143713786, 138.74333364201667	sail	sail
https://youtu.be/XGiH2xqoemo?t=6599	ã€æ—…ã€‘ã¯ã˜ã‚ã¦ã®ã²ã¨ã‚Šæ—…ï¼å±±æ¢¨ã€Œå¯Œå£«å±±ã€ã®å†’é™ºï¼ï¼ï¼ğŸŒŸã€ãƒ›ãƒ­ãƒ©ã‚¤ãƒ–/èµ¤äº•ã¯ã‚ã¨ã€‘	[Trip] My first solo trip! Adventure in Mt Fuji in Yamanashi!!!ğŸŒŸ	å¯Œå£«å±±ã®è¦‹ãˆã‚‹å…¨å®¤å€‹å®¤ã‚µã‚¦ãƒŠä»˜æ—…é¤¨ ã—ãšã	Sauna Inn Ryokan Shizuku	35.42093261909258, 138.85212857116395	hotel	hotel
https://youtu.be/XGiH2xqoemo?t=6119	ã€æ—…ã€‘ã¯ã˜ã‚ã¦ã®ã²ã¨ã‚Šæ—…ï¼å±±æ¢¨ã€Œå¯Œå£«å±±ã€ã®å†’é™ºï¼ï¼ï¼ğŸŒŸã€ãƒ›ãƒ­ãƒ©ã‚¤ãƒ–/èµ¤äº•ã¯ã‚ã¨ã€‘	[Trip] My first solo trip! Adventure in Mt Fuji in Yamanashi!!!ğŸŒŸ	æ–°å±‹å±±ç¥ç¤¾å¥¥å®®	Arayayama Shrine Okumiya	35.3984780280744, 138.77324401079997	attraction	attraction
https://youtu.be/XGiH2xqoemo?t=5567	ã€æ—…ã€‘ã¯ã˜ã‚ã¦ã®ã²ã¨ã‚Šæ—…ï¼å±±æ¢¨ã€Œå¯Œå£«å±±ã€ã®å†’é™ºï¼ï¼ï¼ğŸŒŸã€ãƒ›ãƒ­ãƒ©ã‚¤ãƒ–/èµ¤äº•ã¯ã‚ã¨ã€‘	[Trip] My first solo trip! Adventure in Mt Fuji in Yamanashi!!!ğŸŒŸ	é‡è–”è–‡ï¼ˆå¿é‡æ‘ï¼‰	Cafe and Bar Nobara, Oshino-mura	35.44796263237202, 138.84274875804786	cafe	cafe
https://youtu.be/XGiH2xqoemo?t=5198	ã€æ—…ã€‘ã¯ã˜ã‚ã¦ã®ã²ã¨ã‚Šæ—…ï¼å±±æ¢¨ã€Œå¯Œå£«å±±ã€ã®å†’é™ºï¼ï¼ï¼ğŸŒŸã€ãƒ›ãƒ­ãƒ©ã‚¤ãƒ–/èµ¤äº•ã¯ã‚ã¨ã€‘	[Trip] My first solo trip! Adventure in Mt Fuji in Yamanashi!!!ğŸŒŸ	æ± æœ¬èŒ¶å±‹	Ikemoto Chaya	35.46029178392033, 138.83296927295765	cafe	cafe
https://youtu.be/XGiH2xqoemo?t=5032	ã€æ—…ã€‘ã¯ã˜ã‚ã¦ã®ã²ã¨ã‚Šæ—…ï¼å±±æ¢¨ã€Œå¯Œå£«å±±ã€ã®å†’é™ºï¼ï¼ï¼ğŸŒŸã€ãƒ›ãƒ­ãƒ©ã‚¤ãƒ–/èµ¤äº•ã¯ã‚ã¨ã€‘	[Trip] My first solo trip! Adventure in Mt Fuji in Yamanashi!!!ğŸŒŸ	å¿é‡å…«æµ·	Oshino Hakkai	35.460098077295456, 138.83247472860444	attraction	attraction
https://youtu.be/XGiH2xqoemo?t=4786	ã€æ—…ã€‘ã¯ã˜ã‚ã¦ã®ã²ã¨ã‚Šæ—…ï¼å±±æ¢¨ã€Œå¯Œå£«å±±ã€ã®å†’é™ºï¼ï¼ï¼ğŸŒŸã€ãƒ›ãƒ­ãƒ©ã‚¤ãƒ–/èµ¤äº•ã¯ã‚ã¨ã€‘	[Trip] My first solo trip! Adventure in Mt Fuji in Yamanashi!!!ğŸŒŸ	å¿é‡ã‚¹ã‚«ã‚¤ã‚¹ãƒãƒ¼ãƒ„å€¶æ¥½éƒ¨	Oshino Sky Sports Club	35.46456863754901, 138.8632207659125	shop	shop
https://youtu.be/XGiH2xqoemo?t=3792	ã€æ—…ã€‘ã¯ã˜ã‚ã¦ã®ã²ã¨ã‚Šæ—…ï¼å±±æ¢¨ã€Œå¯Œå£«å±±ã€ã®å†’é™ºï¼ï¼ï¼ğŸŒŸã€ãƒ›ãƒ­ãƒ©ã‚¤ãƒ–/èµ¤äº•ã¯ã‚ã¨ã€‘	[Trip] My first solo trip! Adventure in Mt Fuji in Yamanashi!!!ğŸŒŸ	æ²³å£æ¹–ï½ã†ã®å³¶	Lake Kawaguchi - Uno Island	35.515357143713786, 138.74333364201667	sail	sail
https://youtu.be/XGiH2xqoemo?t=3209	ã€æ—…ã€‘ã¯ã˜ã‚ã¦ã®ã²ã¨ã‚Šæ—…ï¼å±±æ¢¨ã€Œå¯Œå£«å±±ã€ã®å†’é™ºï¼ï¼ï¼ğŸŒŸã€ãƒ›ãƒ­ãƒ©ã‚¤ãƒ–/èµ¤äº•ã¯ã‚ã¨ã€‘	[Trip] My first solo trip! Adventure in Mt Fuji in Yamanashi!!!ğŸŒŸ	å¯Œå£«ãƒ“ãƒ¥ãƒ¼ãƒ›ãƒ†ãƒ«	Fuji View Hotel	35.508376776371534, 138.73859442245526	hotel	hotel
https://youtu.be/XGiH2xqoemo?t=3160	ã€æ—…ã€‘ã¯ã˜ã‚ã¦ã®ã²ã¨ã‚Šæ—…ï¼å±±æ¢¨ã€Œå¯Œå£«å±±ã€ã®å†’é™ºï¼ï¼ï¼ğŸŒŸã€ãƒ›ãƒ­ãƒ©ã‚¤ãƒ–/èµ¤äº•ã¯ã‚ã¨ã€‘	[Trip] My first solo trip! Adventure in Mt Fuji in Yamanashi!!!ğŸŒŸ	å†¨å£«å¾¡å®¤æµ…é–“ç¥ç¤¾	Fuji Omuro Sengen-Jinja	35.510675011632685, 138.74607765585918	attraction	attraction
https://youtu.be/XGiH2xqoemo?t=2435	ã€æ—…ã€‘ã¯ã˜ã‚ã¦ã®ã²ã¨ã‚Šæ—…ï¼å±±æ¢¨ã€Œå¯Œå£«å±±ã€ã®å†’é™ºï¼ï¼ï¼ğŸŒŸã€ãƒ›ãƒ­ãƒ©ã‚¤ãƒ–/èµ¤äº•ã¯ã‚ã¨ã€‘	[Trip] My first solo trip! Adventure in Mt Fuji in Yamanashi!!!ğŸŒŸ	æ²³å£æ¹– éŸ³æ¥½ã¨æ£®ã®ç¾è¡“é¤¨	Kawaguchiko Music Forest Museum	35.522434044670796, 138.76870874328375	attraction	attraction
https://youtu.be/XGiH2xqoemo?t=2231	ã€æ—…ã€‘ã¯ã˜ã‚ã¦ã®ã²ã¨ã‚Šæ—…ï¼å±±æ¢¨ã€Œå¯Œå£«å±±ã€ã®å†’é™ºï¼ï¼ï¼ğŸŒŸã€ãƒ›ãƒ­ãƒ©ã‚¤ãƒ–/èµ¤äº•ã¯ã‚ã¨ã€‘	[Trip] My first solo trip! Adventure in Mt Fuji in Yamanashi!!!ğŸŒŸ	æ²³å£æ¹–å¤§æ©‹	Lake Kawaguchi Ohashi Bridge	35.51029189547475, 138.7608291405984	scenery	others
https://youtu.be/XGiH2xqoemo?t=1987	ã€æ—…ã€‘ã¯ã˜ã‚ã¦ã®ã²ã¨ã‚Šæ—…ï¼å±±æ¢¨ã€Œå¯Œå£«å±±ã€ã®å†’é™ºï¼ï¼ï¼ğŸŒŸã€ãƒ›ãƒ­ãƒ©ã‚¤ãƒ–/èµ¤äº•ã¯ã‚ã¨ã€‘	[Trip] My first solo trip! Adventure in Mt Fuji in Yamanashi!!!ğŸŒŸ	ãƒŸãƒ«ã‚­ãƒ¼ã‚¦ã‚§ã‚¤ï¼ˆæ²³å£æ¹–ï¼‰	Cafe Milky Way, Fujikawaguchiko	35.51079376343992, 138.7543878732319	cafe	cafe
https://youtu.be/XGiH2xqoemo?t=1725	ã€æ—…ã€‘ã¯ã˜ã‚ã¦ã®ã²ã¨ã‚Šæ—…ï¼å±±æ¢¨ã€Œå¯Œå£«å±±ã€ã®å†’é™ºï¼ï¼ï¼ğŸŒŸã€ãƒ›ãƒ­ãƒ©ã‚¤ãƒ–/èµ¤äº•ã¯ã‚ã¨ã€‘	[Trip] My first solo trip! Adventure in Mt Fuji in Yamanashi!!!ğŸŒŸ	æœˆãƒˆè‘‰	Moon and leaves (æœˆãƒˆè‘‰)	35.52276183014211, 138.7447106710477	shop	shop
https://youtu.be/XGiH2xqoemo?t=1633	ã€æ—…ã€‘ã¯ã˜ã‚ã¦ã®ã²ã¨ã‚Šæ—…ï¼å±±æ¢¨ã€Œå¯Œå£«å±±ã€ã®å†’é™ºï¼ï¼ï¼ğŸŒŸã€ãƒ›ãƒ­ãƒ©ã‚¤ãƒ–/èµ¤äº•ã¯ã‚ã¨ã€‘	[Trip] My first solo trip! Adventure in Mt Fuji in Yamanashi!!!ğŸŒŸ	å¤§çŸ³å…¬åœ’	Oishi Park	35.52293890956782, 138.74575286728228	attraction	attraction
https://youtu.be/XGiH2xqoemo?t=1478	ã€æ—…ã€‘ã¯ã˜ã‚ã¦ã®ã²ã¨ã‚Šæ—…ï¼å±±æ¢¨ã€Œå¯Œå£«å±±ã€ã®å†’é™ºï¼ï¼ï¼ğŸŒŸã€ãƒ›ãƒ­ãƒ©ã‚¤ãƒ–/èµ¤äº•ã¯ã‚ã¨ã€‘	[Trip] My first solo trip! Adventure in Mt Fuji in Yamanashi!!!ğŸŒŸ	ãƒ‹ãƒ¥ãƒ¼ã‚ã‹ã„ã‘	Shojiko Restaurant New Akaike	35.48528765604441, 138.6186916371446	restaurant	restaurant
https://youtu.be/XGiH2xqoemo?t=1120	ã€æ—…ã€‘ã¯ã˜ã‚ã¦ã®ã²ã¨ã‚Šæ—…ï¼å±±æ¢¨ã€Œå¯Œå£«å±±ã€ã®å†’é™ºï¼ï¼ï¼ğŸŒŸã€ãƒ›ãƒ­ãƒ©ã‚¤ãƒ–/èµ¤äº•ã¯ã‚ã¨ã€‘	[Trip] My first solo trip! Adventure in Mt Fuji in Yamanashi!!!ğŸŒŸ	ã‚ã®ãƒ™ãƒ³ãƒ ç²¾é€²æ¹– ä»–æ‰‹åˆæµœ	The bench at Shojin Lake (ä»–æ‰‹åˆæµœ)	35.49091119597649, 138.60458513793805	attraction	attraction
https://youtu.be/XGiH2xqoemo?t=861	ã€æ—…ã€‘ã¯ã˜ã‚ã¦ã®ã²ã¨ã‚Šæ—…ï¼å±±æ¢¨ã€Œå¯Œå£«å±±ã€ã®å†’é™ºï¼ï¼ï¼ğŸŒŸã€ãƒ›ãƒ­ãƒ©ã‚¤ãƒ–/èµ¤äº•ã¯ã‚ã¨ã€‘	[Trip] My first solo trip! Adventure in Mt Fuji in Yamanashi!!!ğŸŒŸ	ç²¾é€²ãƒã‚¦ãƒ³ãƒˆãƒ›ãƒ†ãƒ«	Shoji Mount Hotel	35.49205412963514, 138.60352771246244	hotel	hotel
https://youtu.be/XGiH2xqoemo?t=609	ã€æ—…ã€‘ã¯ã˜ã‚ã¦ã®ã²ã¨ã‚Šæ—…ï¼å±±æ¢¨ã€Œå¯Œå£«å±±ã€ã®å†’é™ºï¼ï¼ï¼ğŸŒŸã€ãƒ›ãƒ­ãƒ©ã‚¤ãƒ–/èµ¤äº•ã¯ã‚ã¨ã€‘	[Trip] My first solo trip! Adventure in Mt Fuji in Yamanashi!!!ğŸŒŸ	ã‚‚ã‚“ã¶ã‚‰ã‚“ï¼ˆå¯Œå£«å‰ç”°ï¼‰	Cafe Mont Blanc, Fujiyoshida	35.487412889973044, 138.80559414032538	cafe	cafe
https://youtu.be/XGiH2xqoemo?t=492	ã€æ—…ã€‘ã¯ã˜ã‚ã¦ã®ã²ã¨ã‚Šæ—…ï¼å±±æ¢¨ã€Œå¯Œå£«å±±ã€ã®å†’é™ºï¼ï¼ï¼ğŸŒŸã€ãƒ›ãƒ­ãƒ©ã‚¤ãƒ–/èµ¤äº•ã¯ã‚ã¨ã€‘	[Trip] My first solo trip! Adventure in Mt Fuji in Yamanashi!!!ğŸŒŸ	æœˆæ±Ÿå¯ºé§…	Gekkoiji Station	35.49323883552274, 138.79807057562516	station	station
https://youtu.be/XGiH2xqoemo?t=349	ã€æ—…ã€‘ã¯ã˜ã‚ã¦ã®ã²ã¨ã‚Šæ—…ï¼å±±æ¢¨ã€Œå¯Œå£«å±±ã€ã®å†’é™ºï¼ï¼ï¼ğŸŒŸã€ãƒ›ãƒ­ãƒ©ã‚¤ãƒ–/èµ¤äº•ã¯ã‚ã¨ã€‘	[Trip] My first solo trip! Adventure in Mt Fuji in Yamanashi!!!ğŸŒŸ	å¯Œå£«å±±é§…	Fujisan Station	35.4835612216802, 138.79568627648538	station	station
https://x.com/akaihaato/status/1921221134671880210	è¡—ä¸­ã§è¦‹ã‚‹å¯Œå£«å±±ã¯åœ§å·»ã§ã—ãŸã€‚	Seeing Mount Fuji from the city was breathtaking.	å¯Œå£«å‰ç”°å¸‚	Fujiyoshida City	35.48972589381305, 138.8029698018207	scenery	others
https://x.com/akaihaato/status/1921030118325043245	2ç¨®é¡ã®ã‚«ãƒ¬ãƒ¼ã‚’äº¤äº’ã«é£Ÿã¹ãŸï¼ğŸ› ã¾ãœã“ãœã§ä¸æ€è­°ãªé£Ÿæ„ŸãŒæ¥½ã—ã‹ã£ãŸã€‚	I ate two kinds of curry alternately! ğŸ› Mixing them together created a strange but fun texture.	å››ä¸‡æ¸©æ³‰æŸå±‹ã‚«ãƒ•ã‚§	Kashiwaya Cafe, Shima Onsen	36.683923627532494, 138.77631802249496	cafe	cafe
https://x.com/akaihaato/status/1921030094253965450	ã‚«ãƒ¬ãƒ¼ç¾å‘³ã—ã‹ã£ãŸï¼ğŸ›	The curry was delicious!ğŸ›	å››ä¸‡æ¸©æ³‰æŸå±‹ã‚«ãƒ•ã‚§	Kashiwaya Cafe, Shima Onsen	36.683923627532494, 138.77631802249496	cafe	cafe
https://x.com/akaihaato/status/1920753255304298811	ã²ã‚‡ã£ã“ã‚ŠãŸã‚“ã½ã½ãŒå’²ã„ã¦ãŸã€‚	A dandelion had quietly popped into bloom.	å››ä¸‡æ¸©æ³‰æŸå±‹æ—…é¤¨	Kashiwaya Ryokan, Shima Onsen	36.67484528975638, 138.7850288351798	hotel	hotel
https://x.com/akaihaato/status/1920753025150333152	ãƒã‚¹ã‚¿ãƒ«ã‚¸ãƒƒã‚¯ãªç¾¤é¦¬	Nostalgic Gunma	å››ä¸‡æ¸©æ³‰æŸå±‹æ—…é¤¨	Kashiwaya Ryokan, Shima Onsen	36.67484528975638, 138.7850288351798	hotel	hotel
https://x.com/akaihaato/status/1920072676359758141	ç›®ã®å‰ã«éšæ®µã‚ã£ã¦å¸ã„è¾¼ã¾ã‚Œãã†	There were stairs right in front of me, felt like I might get pulled in.	æ¨©ç¾æ²¢ãƒã‚¹åœ	Gongenzawa bus stop (æ¨©ç¾æ²¢ãƒã‚¹åœ)	36.67794237529809, 138.7834992337878	scenery	others
https://x.com/akaihaato/status/1920072507723338102	äººå½±ãªã•ã™ãã¦ä¸å®‰ã«ãªã‚‹ãƒã‚¹åœğŸš	An eerily empty bus stop that made me feel uneasy ğŸš	æ¨©ç¾æ²¢ãƒã‚¹åœ	Gongenzawa bus stop (æ¨©ç¾æ²¢ãƒã‚¹åœ)	36.67794237529809, 138.7834992337878	scenery	others
https://x.com/akaihaato/status/1919414411120238997	èª°ã‹ã€ã„ã‚‹â€¦ï¼Ÿ	Is someone... there?	å››ä¸‡æ¸©æ³‰ ç©å–„é¤¨	Sekizenkan, Shima Onsen	36.68638363271653, 138.77378348773917	hotel	hotel
https://x.com/akaihaato/status/1919021789604123016	æ£®ã®å›³æ›¸å®¤ããŸï¼ğŸ“–âœ¨	I arrived at Cafe Mori no Tosyo Shitsu! ğŸ“–âœ¨	æ£®ã®å›³æ›¸å®¤	Cafe Mori no Tosyo Shitsu	35.65983709799766, 139.69955961179636	cafe	cafe
https://x.com/akaihaato/status/1918834478597705873	å°†æ¥ã¯ã€æ£®ã®ä¸­ã§ã‚«ãƒ•ã‚§ã‚’å–¶ã¿ãŸã„ãªãã€‚	Someday, I'd love to run a cafe deep in the woods.	å››ä¸‡æ¸©æ³‰æŸå±‹ã‚«ãƒ•ã‚§	Kashiwaya Cafe, Shima Onsen	36.683923627532494, 138.77631802249496	cafe	cafe
https://x.com/akaihaato/status/1917430166281990401	è¦‹ãˆã¦ãªã„ã‹ãƒ‰ã‚­ãƒ‰ã‚­ã—ãŸã€‚ã€€ã¡ã‚‡ã£ã´ã‚Šéœ²å‡ºç‹‚ãªæ°—æŒã¡ã«ãªã£ãŸã€‚	I got nervous wondering if I was being watched... Felt a little like an exhibitionist.	æ¸©æ³‰ã‚°ãƒ©ãƒ³ãƒ”ãƒ³ã‚° ã‚·ãƒãƒ–ãƒ«ãƒ¼	Shima Blue Onsen Glamping	36.692247936473144, 138.77409984559074	hotel	hotel
https://x.com/akaihaato/status/1917429311604416772	å››ä¸‡æ¸©æ³‰ã®ã‚«ãƒ„ä¸¼ãŒç¾å‘³ã—ã™ããŸã€‚ã€€é‡ããªã‚‰ãšã«ãƒšãƒ­ãƒªã¨é£Ÿã¹ã‚ŒãŸâ€¼ï¸	[Trip] My first solo trip! Gunma Empire!!! â™¨	ã‚ã™ãªã‚ï¼ˆå››ä¸‡ï¼‰	Restaurant Asunaro, Siman Onsen	36.68583642882305, 138.77415631957558	restaurant	restaurant
https://x.com/akaihaato/status/1916100174415598075	ä½™éŸ»ãŒã™ã”ã„ã€‚ã€€ã¾ãŸæ—…ã«å‡ºã‚ˆã†ã€‚	The lingering feeling was strong. I want to travel again.	å››ä¸‡ã‚°ãƒ©ãƒ³ãƒ‰ãƒ›ãƒ†ãƒ«	Shima Onsen	36.68559948072546, 138.7748665461008	hotel	hotel
https://x.com/akaihaato/status/1916078553055256815	è¿·ã„è¾¼ã‚“ã ã€‚	I wandered in by accident.	å››ä¸‡æ¸©æ³‰ ç©å–„é¤¨	Sekizenkan, Shima Onsen	36.68638363271653, 138.77378348773917	hotel	hotel
https://x.com/akaihaato/status/1916078287803372014	ã“ã“ã§ã€åƒã‹ã›ã¦ãã ã•ã„ï¼ï¼ï¼	Please let me work here!!!	å››ä¸‡æ¸©æ³‰ ç©å–„é¤¨	Sekizenkan, Shima Onsen	36.68638363271653, 138.77378348773917	hotel	hotel
https://x.com/akaihaato/status/1916078150804799563	å››ä¸‡æ¸©æ³‰ã‚¹ãƒ†ã‚­ãªå ´æ‰€ã§ã—ãŸã€‚ã€€ãã‚“ã¾ãƒ¼å¸å›½ã€ã‚ã‚ŠãŒã¨ã‚“â¤ï¸â€ğŸ”¥	Shima Onsen was such a lovely place. Thank you, Gunma Empire â¤ï¸â€ğŸ”¥	å››ä¸‡æ¸©æ³‰æŸå±‹ã‚«ãƒ•ã‚§	Kashiwaya Cafe, Shima Onsen	36.683923627532494, 138.77631802249496	cafe	cafe
https://youtu.be/x2-TaEbZUEo?t=4618	ã€æ—…ã€‘ã¯ã˜ã‚ã¦ã®ã²ã¨ã‚Šæ—…ï¼ã‚°ãƒ³ãƒãƒ¼å¸å›½ï¼ï¼ï¼â™¨ã€ãƒ›ãƒ­ãƒ©ã‚¤ãƒ–/èµ¤äº•ã¯ã‚ã¨ã€‘	[Trip] My first solo trip! Gunma Empire!!! â™¨	è½åˆæ©‹ï¼ˆå››ä¸‡ï¼‰	Ochiai Bridge (è½åˆæ©‹ å››ä¸‡)	36.68650191110428, 138.77586040482083	attraction	attraction
https://youtu.be/x2-TaEbZUEo?t=4261	ã€æ—…ã€‘ã¯ã˜ã‚ã¦ã®ã²ã¨ã‚Šæ—…ï¼ã‚°ãƒ³ãƒãƒ¼å¸å›½ï¼ï¼ï¼â™¨ã€ãƒ›ãƒ­ãƒ©ã‚¤ãƒ–/èµ¤äº•ã¯ã‚ã¨ã€‘	[Trip] My first solo trip! Gunma Empire!!! â™¨	ã‚ã™ãªã‚ï¼ˆå››ä¸‡ï¼‰	Restaurant Asunaro, Siman Onsen	36.68583642882305, 138.77415631957558	restaurant	restaurant
https://youtu.be/x2-TaEbZUEo?t=3814	ã€æ—…ã€‘ã¯ã˜ã‚ã¦ã®ã²ã¨ã‚Šæ—…ï¼ã‚°ãƒ³ãƒãƒ¼å¸å›½ï¼ï¼ï¼â™¨ã€ãƒ›ãƒ­ãƒ©ã‚¤ãƒ–/èµ¤äº•ã¯ã‚ã¨ã€‘	[Trip] My first solo trip! Gunma Empire!!! â™¨	å››ä¸‡æ¸©æ³‰ ç©å–„é¤¨	Sekizenkan, Shima Onsen	36.68638363271653, 138.77378348773917	hotel	hotel
https://youtu.be/x2-TaEbZUEo?t=3520	ã€æ—…ã€‘ã¯ã˜ã‚ã¦ã®ã²ã¨ã‚Šæ—…ï¼ã‚°ãƒ³ãƒãƒ¼å¸å›½ï¼ï¼ï¼â™¨ã€ãƒ›ãƒ­ãƒ©ã‚¤ãƒ–/èµ¤äº•ã¯ã‚ã¨ã€‘	[Trip] My first solo trip! Gunma Empire!!! â™¨	ãŠããªã‚„ã®è¶³æ¹¯	Okinaya Footbath (ãŠããªã‚„ã®è¶³æ¹¯)	36.680723906018066, 138.78129919148958	cafe	cafe
https://youtu.be/x2-TaEbZUEo?t=3106	ã€æ—…ã€‘ã¯ã˜ã‚ã¦ã®ã²ã¨ã‚Šæ—…ï¼ã‚°ãƒ³ãƒãƒ¼å¸å›½ï¼ï¼ï¼â™¨ã€ãƒ›ãƒ­ãƒ©ã‚¤ãƒ–/èµ¤äº•ã¯ã‚ã¨ã€‘	[Trip] My first solo trip! Gunma Empire!!! â™¨	å¥¥å››ä¸‡æ¹–	Lake Okushima	36.70148877450767, 138.78418049490367	sail	sail
https://youtu.be/x2-TaEbZUEo?t=3062	ã€æ—…ã€‘ã¯ã˜ã‚ã¦ã®ã²ã¨ã‚Šæ—…ï¼ã‚°ãƒ³ãƒãƒ¼å¸å›½ï¼ï¼ï¼â™¨ã€ãƒ›ãƒ­ãƒ©ã‚¤ãƒ–/èµ¤äº•ã¯ã‚ã¨ã€‘	[Trip] My first solo trip! Gunma Empire!!! â™¨	å››ä¸‡å·ãƒ€ãƒ 	36.69667364037347, 138.78156702017802	36.67794237529809, 138.7834992337878	attraction	attraction
https://youtu.be/x2-TaEbZUEo?t=2097	ã€æ—…ã€‘ã¯ã˜ã‚ã¦ã®ã²ã¨ã‚Šæ—…ï¼ã‚°ãƒ³ãƒãƒ¼å¸å›½ï¼ï¼ï¼â™¨ã€ãƒ›ãƒ­ãƒ©ã‚¤ãƒ–/èµ¤äº•ã¯ã‚ã¨ã€‘	[Trip] My first solo trip! Gunma Empire!!! â™¨	æ¸©æ³‰ã‚°ãƒ©ãƒ³ãƒ”ãƒ³ã‚° ã‚·ãƒãƒ–ãƒ«ãƒ¼	Shima Blue Onsen Glamping	36.692247936473144, 138.77409984559074	hotel	hotel
https://youtu.be/x2-TaEbZUEo?t=1727	ã€æ—…ã€‘ã¯ã˜ã‚ã¦ã®ã²ã¨ã‚Šæ—…ï¼ã‚°ãƒ³ãƒãƒ¼å¸å›½ï¼ï¼ï¼â™¨ã€ãƒ›ãƒ­ãƒ©ã‚¤ãƒ–/èµ¤äº•ã¯ã‚ã¨ã€‘	[Trip] My first solo trip! Gunma Empire!!! â™¨	æ¨©ç¾æ²¢ãƒã‚¹åœ	Gongenzawa bus stop (æ¨©ç¾æ²¢ãƒã‚¹åœ)	36.67794237529809, 138.7834992337878	scenery	others
https://youtu.be/x2-TaEbZUEo?t=1408	ã€æ—…ã€‘ã¯ã˜ã‚ã¦ã®ã²ã¨ã‚Šæ—…ï¼ã‚°ãƒ³ãƒãƒ¼å¸å›½ï¼ï¼ï¼â™¨ã€ãƒ›ãƒ­ãƒ©ã‚¤ãƒ–/èµ¤äº•ã¯ã‚ã¨ã€‘	[Trip] My first solo trip! Gunma Empire!!! â™¨	å››ä¸‡æ¸©æ³‰æŸå±‹æ—…é¤¨	Kashiwaya Ryokan, Shima Onsen	36.67484528975638, 138.7850288351798	hotel	hotel
https://youtu.be/x2-TaEbZUEo?t=1165	ã€æ—…ã€‘ã¯ã˜ã‚ã¦ã®ã²ã¨ã‚Šæ—…ï¼ã‚°ãƒ³ãƒãƒ¼å¸å›½ï¼ï¼ï¼â™¨ã€ãƒ›ãƒ­ãƒ©ã‚¤ãƒ–/èµ¤äº•ã¯ã‚ã¨ã€‘	[Trip] My first solo trip! Gunma Empire!!! â™¨	å±±å£ å››ä¸‡æ¸©æ³‰ ãƒã‚¹åœ	Yamaguchi bus stop, Shima Onsen	36.680565596641095, 138.78194768671779	scenery	others
https://youtu.be/x2-TaEbZUEo?t=660	ã€æ—…ã€‘ã¯ã˜ã‚ã¦ã®ã²ã¨ã‚Šæ—…ï¼ã‚°ãƒ³ãƒãƒ¼å¸å›½ï¼ï¼ï¼â™¨ã€ãƒ›ãƒ­ãƒ©ã‚¤ãƒ–/èµ¤äº•ã¯ã‚ã¨ã€‘	[Trip] My first solo trip! Gunma Empire!!! â™¨	å››ä¸‡æ¸©æ³‰æŸå±‹ã‚«ãƒ•ã‚§	Kashiwaya Cafe, Shima Onsen	36.683923627532494, 138.77631802249496	cafe	cafe
https://x.com/akaihaato/status/1915784558987120998	æœ€é«˜ã«æ°—æŒã¡ã‚ˆã‹ã£ãŸâ€¦â€¦â€¦ã€‚	It felt absolutely amazing...	å¥¥å››ä¸‡æ¹–	Lake Okushima	36.70148877450767, 138.78418049490367	sail	sail
https://x.com/akaihaato/status/1915756928803967177	ã‚«ãƒŒãƒ¼ã—ã¦ããŸğŸ›¶	I went canoeing! ğŸ›¶	å¥¥å››ä¸‡æ¹–	Lake Okushima	36.70148877450767, 138.78418049490367	sail	sail
https://www.youtube.com/shorts/w5Mam2lajaM	é³¥å–ç ‚ä¸˜ã§å¥³ã²ã¨ã‚Šæ—…ãŸã®ã—ã™ããŸï¼ï¼ï¼	My solo trip to the Tottori Sand Dunes was way too much fun!!!	é³¥å–ç ‚ä¸˜	Tottori Sand Dunes	35.543812789788255, 134.23649367163537	attraction	attraction
https://www.youtube.com/shorts/mofHSeTdCkI	ã¾ãŸè¡ŒããŸã„ï¼æµªæ¼«æº¢ã‚Œã‚‹æ¸©æ³‰å®¿ã€‚	I want to go again! A romantic hot spring inn overflowing with charm.	å²©äº•å±‹	Iwaiya, Iwai Onsen	35.55537320022238, 134.36298038905812	hotel	hotel
https://www.youtube.com/shorts/LEm9SHE2Wwk	ã®ã‚“ã³ã‚Šä¸€äººæ—…ã€æœ€å¼·ã«æ•´ã£ãŸï¼	A slow-paced solo journey that left me feeling totally refreshed!	é³¥å–ç ‚ä¸˜	Tottori Sand Dunes	35.543812789788255, 134.23649367163537	attraction	attraction
https://x.com/akaihaato/status/1912896891412758611	é³¥å–ç ‚ä¸˜ã§æ’®ã£ãŸæ˜Ÿç©ºğŸªğŸŒŒ	Captured the starry sky at the Tottori Sand Dunes ğŸªğŸŒŒ	é³¥å–ç ‚ä¸˜	Tottori Sand Dunes	35.543812789788255, 134.23649367163537	attraction	attraction
https://x.com/akaihaato/status/1912333774559539315			å²©äº•å±‹	Iwaiya, Iwai Onsen	35.55537320022238, 134.36298038905812	hotel	hotel
https://x.com/akaihaato/status/1912333488281514389	ãƒã‚¹åœã®ç›®ã®å‰ã«ã‚ã£ã¦ã€åœ§å€’ã•ã‚ŒãŸã€‚	It was right in front of the bus stop, completely overwhelming.	å²©äº•æ¸©æ³‰ ãƒã‚¹åœ	Iwai Onsen bus stop	35.55523410438149, 134.36258575506142	scenery	others
https://x.com/akaihaato/status/1912331989392453807	ã‚¿ã‚¤ãƒ ã‚¹ãƒªãƒƒãƒ—ã—ãŸã¿ãŸã„ãªè¡—ä¸¦ã¿ã ã£ãŸã€‚	The town felt like Iâ€™d time-traveled into another era.	å²©äº•æ¸©æ³‰ ãƒã‚¹åœ	Iwai Onsen bus stop	35.55523410438149, 134.36258575506142	scenery	others
https://x.com/akaihaato/status/1909666682886668497	ãƒ©ã‚¤ãƒˆã«æ–‡å­—ãŒæã‹ã‚Œã¦ã¦ã‹ã£ã“ã„ã„	Lamp with these words written on it looked so cool.	å²©äº•å±‹	Iwaiya, Iwai Onsen	35.55537320022238, 134.36298038905812	hotel	hotel
https://x.com/akaihaato/status/1909666444532760976	çœŸå¤œä¸­ã®æ—…é¤¨å¾˜å¾Šã€‚	Wandering through the ryokan in the middle of the night.	å²©äº•å±‹	Iwaiya, Iwai Onsen	35.55537320022238, 134.36298038905812	hotel	hotel
https://x.com/akaihaato/status/1908429343245951096	ã‚‚ã‚Šã‚‚ã‚Šã§å¹¸ã›ã™ããŸï¼ğŸ¤		---				
https://x.com/akaihaato/status/1908153897837031565	ã»ã£ã¨ä¸€æ¯ã€‚ã€€æ™‚é–“ãŒæº¶ã‘ã¦ã.........ã€‚	A quiet moment to breathe... time just melted away.	å²©äº•å±‹	Iwaiya, Iwai Onsen	35.55537320022238, 134.36298038905812	hotel	hotel
https://x.com/akaihaato/status/1908153326002409530	æ¸©æ³‰ã‹ã‚‰å‡ºãŸã‚‰ãŠèŒ¶ã®é–“ãŒã‚ã£ãŸã‚ˆâ™¨	After getting out of the hot spring, there was a cozy tea room waiting â™¨	å²©äº•å±‹	Iwaiya, Iwai Onsen	35.55537320022238, 134.36298038905812	hotel	hotel
https://x.com/akaihaato/status/1908151412619669965	ããŸããŸã«ãªã£ãŸæ—…å…ˆã§ã€æ—…é¤¨ã®ç½®æ‰‹ç´™ã«å¿ƒã»ã£ã“ã‚ŠğŸµ	Exhausted from the trip, but the handwritten note at the ryokan warmed my heart ğŸµ	å²©äº•å±‹	Iwaiya, Iwai Onsen	35.55537320022238, 134.36298038905812	hotel	hotel
https://x.com/akaihaato/status/1907012433371402244	æœ€é«˜ã®é³¥å–æ—…ã§ã—ãŸã€‚ã€€ç´ æ•µãªæ€ã„å‡ºã‚’ã‚ã‚ŠãŒã¨ã‚“â¤ï¸â€ğŸ”¥	It was the perfect Tottori trip. Thank you for the beautiful memories â¤ï¸â€ğŸ”¥	å²©äº•å±‹	Iwaiya, Iwai Onsen	35.55537320022238, 134.36298038905812	hotel	hotel
https://youtu.be/ij-H5yEpAf0?t=3614	ã€æ—…ã€‘ã¯ã˜ã‚ã¦ã®ã²ã¨ã‚Šæ—…ï¼ã‚¨ã‚¸ãƒ—ãƒˆï¼ˆé³¥å–ç ‚ä¸˜ï¼‰å¤§å†’é™ºï¼ï¼ï¼ğŸŒŸã€ãƒ›ãƒ­ãƒ©ã‚¤ãƒ–/èµ¤äº•ã¯ã‚ã¨ã€‘	[Trip] My first solo trip! Egypt (Tottori Sand Dunes)!!! ğŸŒŸ	ã‹ã¾ã‚„æ—…é¤¨	Kamaya Inn (Tottori)	35.586106101598055, 134.3268051478575	hotel	hotel
https://youtu.be/ij-H5yEpAf0?t=3538	ã€æ—…ã€‘ã¯ã˜ã‚ã¦ã®ã²ã¨ã‚Šæ—…ï¼ã‚¨ã‚¸ãƒ—ãƒˆï¼ˆé³¥å–ç ‚ä¸˜ï¼‰å¤§å†’é™ºï¼ï¼ï¼ğŸŒŸã€ãƒ›ãƒ­ãƒ©ã‚¤ãƒ–/èµ¤äº•ã¯ã‚ã¨ã€‘	[Trip] My first solo trip! Egypt (Tottori Sand Dunes)!!! ğŸŒŸ	ã‚¿ã‚«ãƒãƒã‚«ãƒ•ã‚§	Takahama Cafe	35.54338084812138, 134.2373095728935	cafe	cafe
https://youtu.be/ij-H5yEpAf0?t=3451	ã€æ—…ã€‘ã¯ã˜ã‚ã¦ã®ã²ã¨ã‚Šæ—…ï¼ã‚¨ã‚¸ãƒ—ãƒˆï¼ˆé³¥å–ç ‚ä¸˜ï¼‰å¤§å†’é™ºï¼ï¼ï¼ğŸŒŸã€ãƒ›ãƒ­ãƒ©ã‚¤ãƒ–/èµ¤äº•ã¯ã‚ã¨ã€‘	[Trip] My first solo trip! Egypt (Tottori Sand Dunes)!!! ğŸŒŸ	ã‚‰ãã ã‚„ï¼ˆé³¥å–)	Rakudaya (Tottori)	35.542915392967124, 134.23698267011008	shop	shop
https://youtu.be/ij-H5yEpAf0?t=3431	ã€æ—…ã€‘ã¯ã˜ã‚ã¦ã®ã²ã¨ã‚Šæ—…ï¼ã‚¨ã‚¸ãƒ—ãƒˆï¼ˆé³¥å–ç ‚ä¸˜ï¼‰å¤§å†’é™ºï¼ï¼ï¼ğŸŒŸã€ãƒ›ãƒ­ãƒ©ã‚¤ãƒ–/èµ¤äº•ã¯ã‚ã¨ã€‘	[Trip] My first solo trip! Egypt (Tottori Sand Dunes)!!! ğŸŒŸ	ãƒ—ãƒªãƒ³å°‚é–€åº— Totto PURIN.	Totto Purin	35.541866125235515, 134.2368445736446	shop	shop
https://youtu.be/ij-H5yEpAf0?t=3143	ã€æ—…ã€‘ã¯ã˜ã‚ã¦ã®ã²ã¨ã‚Šæ—…ï¼ã‚¨ã‚¸ãƒ—ãƒˆï¼ˆé³¥å–ç ‚ä¸˜ï¼‰å¤§å†’é™ºï¼ï¼ï¼ğŸŒŸã€ãƒ›ãƒ­ãƒ©ã‚¤ãƒ–/èµ¤äº•ã¯ã‚ã¨ã€‘	[Trip] My first solo trip! Egypt (Tottori Sand Dunes)!!! ğŸŒŸ	ç ‚ä¸˜è¦³å…‰ãƒªãƒ•ãƒˆ	Tottori Sand Dunes Sightseeing Lift	35.54271738730857, 134.23625166366122	attraction	attraction
https://youtu.be/ij-H5yEpAf0?t=2855	ã€æ—…ã€‘ã¯ã˜ã‚ã¦ã®ã²ã¨ã‚Šæ—…ï¼ã‚¨ã‚¸ãƒ—ãƒˆï¼ˆé³¥å–ç ‚ä¸˜ï¼‰å¤§å†’é™ºï¼ï¼ï¼ğŸŒŸã€ãƒ›ãƒ­ãƒ©ã‚¤ãƒ–/èµ¤äº•ã¯ã‚ã¨ã€‘	[Trip] My first solo trip! Egypt (Tottori Sand Dunes)!!! ğŸŒŸ	æµ·é®®ä¸¼ é¯›å–œ	Kaisendon Taiki (Tottori)	35.54217108531404, 134.236739780912	restaurant	restaurant
https://youtu.be/ij-H5yEpAf0?t=2749	ã€æ—…ã€‘ã¯ã˜ã‚ã¦ã®ã²ã¨ã‚Šæ—…ï¼ã‚¨ã‚¸ãƒ—ãƒˆï¼ˆé³¥å–ç ‚ä¸˜ï¼‰å¤§å†’é™ºï¼ï¼ï¼ğŸŒŸã€ãƒ›ãƒ­ãƒ©ã‚¤ãƒ–/èµ¤äº•ã¯ã‚ã¨ã€‘	[Trip] My first solo trip! Egypt (Tottori Sand Dunes)!!! ğŸŒŸ	ã‹ã¾ã‚„æ—…é¤¨	Kamaya Inn (Tottori)	35.586106101598055, 134.3268051478575	hotel	hotel
https://youtu.be/ij-H5yEpAf0?t=2695	ã€æ—…ã€‘ã¯ã˜ã‚ã¦ã®ã²ã¨ã‚Šæ—…ï¼ã‚¨ã‚¸ãƒ—ãƒˆï¼ˆé³¥å–ç ‚ä¸˜ï¼‰å¤§å†’é™ºï¼ï¼ï¼ğŸŒŸã€ãƒ›ãƒ­ãƒ©ã‚¤ãƒ–/èµ¤äº•ã¯ã‚ã¨ã€‘	[Trip] My first solo trip! Egypt (Tottori Sand Dunes)!!! ğŸŒŸ	å²©äº•æ¸©æ³‰ ãƒã‚¹åœ	Iwai Onsen bus stop	35.55523410438149, 134.36258575506142	scenery	others
https://youtu.be/ij-H5yEpAf0?t=924	ã€æ—…ã€‘ã¯ã˜ã‚ã¦ã®ã²ã¨ã‚Šæ—…ï¼ã‚¨ã‚¸ãƒ—ãƒˆï¼ˆé³¥å–ç ‚ä¸˜ï¼‰å¤§å†’é™ºï¼ï¼ï¼ğŸŒŸã€ãƒ›ãƒ­ãƒ©ã‚¤ãƒ–/èµ¤äº•ã¯ã‚ã¨ã€‘	[Trip] My first solo trip! Egypt (Tottori Sand Dunes)!!! ğŸŒŸ	å²©äº•å±‹	Iwaiya, Iwai Onsen	35.55537320022238, 134.36298038905812	hotel	hotel
https://x.com/akaihaato/status/1906779362890076273	ã‚¨ã‚¸ãƒ—ãƒˆãªã†âœŒï¸	In Egypt now âœŒï¸	ã‚‰ãã ã‚„ï¼ˆé³¥å–)	Rakudaya (Tottori)	35.542915392967124, 134.23698267011008	shop	shop
https://x.com/akaihaato/status/1906851043809644723	ã‚¨ã‚¸ãƒ—ãƒˆã®æ¹–ç¾ã—ã™ãã‚‹ã€‚	The lakes in Egypt are unbelievably beautiful.	é³¥å–ç ‚ä¸˜	Tottori Sand Dunes	35.543812789788255, 134.23649367163537	attraction	attraction
https://x.com/akaihaato/status/1906917683410653211	#ã‚¨ã‚¤ãƒ—ãƒªãƒ¼ãƒ«ãƒ•ãƒ¼ãƒ« ã€€æ—¥æœ¬ã®ã‚¨ã‚¸ãƒ—ãƒˆã“ã¨é³¥å–ç ‚ä¸˜ã ã‚ˆğŸ‘	#AprilFools It's actually Japan's Egypt: the Tottori Sand Dunes ğŸ‘	ã‚‰ãã ã‚„ï¼ˆé³¥å–)	Rakudaya (Tottori)	35.542915392967124, 134.23698267011008	shop	shop
https://x.com/akaihaato/status/1906853090319560934	HAACHAMA IN EGYPTğŸ¤Ÿ	HAACHAMA IN EGYPTğŸ¤Ÿ	é³¥å–ç ‚ä¸˜	Tottori Sand Dunes	35.543812789788255, 134.23649367163537	attraction	attraction
https://x.com/akaihaato/status/1906851706564133230	ã†ãŠãŠãŠãŠãŠãŠãŠâ—ï¸âœ¨	Woooooowâ—ï¸âœ¨	é³¥å–ç ‚ä¸˜	Tottori Sand Dunes	35.543812789788255, 134.23649367163537	attraction	attraction
https://x.com/akaihaato/status/1906779243675349456	ã¤ã„ã«è¾¿ã‚Šç€ã„ãŸãƒ»ãƒ»ãƒ»	I've finally arrived...	é³¥å–ç ‚ä¸˜	Tottori Sand Dunes	35.543812789788255, 134.23649367163537	attraction	attraction
https://x.com/akaihaato/status/1904508811186188776	ã“ã®èŠ±ã³ã‚‰è‚‰ã«è¦‹ãˆã‚‹		---				
https://x.com/akaihaato/status/1904508461855183329	å¤‰ãªãƒãƒ¼ã‚ºã—ã¦ãã‚ŒãŸã€€ãã«ã‚‡ã‚“		---				
https://x.com/akaihaato/status/1904508166622294422	ç™½ã„é³¥ã¿ã¤ã‘ãŸï¼		---				
https://x.com/akaihaato/status/1903447816594211062	æ—…é¤¨ã®æ¸©æ³‰ã¯å’Œã‚€â™¨ï¸	The ryokan's hot spring was so soothing â™¨ï¸	åˆ¥æµ·ç”º	Betsukai-chou	43.56847631660992, 145.22153851064186	scenery	others
https://x.com/akaihaato/status/1903446978102460919	ğŸ‘ˆå§‰ã®å¯èµ·ãã®ã¯ã‚ã¡ã‚ƒã¾ğŸ‘‰	ğŸ‘ˆMy sister's wake-up, and meğŸ‘‰	åˆ¥æµ·ç”º	Betsukai-chou	43.56847631660992, 145.22153851064186	scenery	others
https://x.com/akaihaato/status/1903100066455318573	ã™ã†ã¯ã‚ã§éŠåœ’åœ°ã„ã£ã¦ããŸğŸ¡ğŸ«¶	Suuhaa went to the amusement parkğŸ¡ğŸ«¶	ã‚ˆã¿ã†ã‚Šãƒ©ãƒ³ãƒ‰	Yomiuriland	35.62412970226288, 139.5174014676337	attraction	attraction
https://x.com/akaihaato/status/1902911028284797053	å¤œã«ãªã£ãŸã‚‰å‹•ãå‡ºã—ãã†ã€‚	Felt like everything might come alive once night fell.	ç†Šé‡ç”ºäº¤å·®ç‚¹ãƒ¬ãƒˆãƒ­ç©ºé–“	Kumanocho intersection retro space	35.74159802700777, 139.70660751136495	attraction	attraction
https://x.com/akaihaato/status/1902910836420845960	ä¿¡å·å¾…ã¡ãªã†ğŸš¥	Now waiting at a traffic light ğŸš¥	ç†Šé‡ç”ºäº¤å·®ç‚¹ãƒ¬ãƒˆãƒ­ç©ºé–“	Kumanocho intersection retro space	35.74159802700777, 139.70660751136495	attraction	attraction
https://x.com/akaihaato/status/1900407390509686847	æ—…é¤¨ã®ğŸšã£ã¦å¥åº·çš„ã ã—ã»ã£ã“ã‚Šã—ã¦ã™ãï¼ï¼ï¼ãŸã¾ã«è¦‹ã‚‹ã„ã‚ã‚Šé‹ãŒãŸã®ã—ã„ğŸ‘ã€€ä»Šå¹´ã¯ã‚‚ã£ã¨æ—¥æœ¬ã®æ—…é¤¨å·¡ã‚ŠãŸã„ï½ï½ï½ï½ï½ï½ï½ï¼	I love the meals at ryokans! They're healthy and comforting!!! It's always fun when there's an irori-style hot pot too ğŸ‘ This year, I want to visit even more ryokans across Japan~~~!	åˆ¥æµ·ç”º	Betsukai-chou	43.56847631660992, 145.22153851064186	scenery	others
https://x.com/akaihaato/status/1900406702207533468	JAPANESE GOHANğŸšğŸ 	JAPANESE GOHANğŸšğŸ 	åˆ¥æµ·ç”º	Betsukai-chou	43.56847631660992, 145.22153851064186	scenery	others
https://www.youtube.com/shorts/RItyPQluytQ	äººç”Ÿåˆã®SLã«ä¹—ã£ã¦ããŸï¼ï¼ï¼ğŸš‹	I rode a steam locomotive for the first time in my life!!! ğŸš‹	é‡§è·¯é§…	Kushiro Station	42.99033844073792, 144.38227922621297	station	station
https://www.youtube.com/shorts/s4P4Y5wV0Q4	æ°·ã®ä¸Šã‚’ãŠã•ã‚“ã½ã—ã¦ããŸï¼ï¼ï¼	I went for a walk on the ice!!!	åˆ¥æµ·ç”º	Betsukai-chou	43.56847631660992, 145.22153851064186	scenery	others
https://www.youtube.com/shorts/yOJezFGKWE8	æ—¥ã®å‡ºãŒç¾ã—ã™ããŸãƒ»ãƒ»ãƒ»ï¼	The sunrise was unbelievably beautiful...!	åˆ¥æµ·ç”º	Betsukai-chou	43.56847631660992, 145.22153851064186	scenery	others
https://x.com/akaihaato/status/1893503707360436358	ä»Šæ—¥ã¯å¯Œå£«å±±ã®æ—¥ã€€ã„ã¤ã‹ãƒ†ãƒƒãƒšãƒ³ç™»ã‚‹ããƒ»ãƒ»ãƒ»â—ï¸		--				
https://www.youtube.com/shorts/AJI3RgD_uNI	ã¯ã˜ã‚ã¦ã®åŒ—æµ·é“æ—…è¡Œã„ã£ã¦ããŸï¼ï¼ï¼	Went on my first trip to Hokkaido!!!	åˆ¥æµ·ç”º	Betsukai-chou	43.56847631660992, 145.22153851064186	scenery	others
https://x.com/akaihaato/status/1892937354056208547	ãƒ«ã‚¤å§‰ã¿ã¤ã‘ãŸâœŒï¸		---				
https://x.com/akaihaato/status/1891123777582268546	ã‚«ãƒ©ã‚¹ã ã„ã™ãâ™¡áµáµáµ		---				
https://x.com/akaihaato/status/1891037517152932332	æ¹–ãŒå…‰ã€…ã—ãæ’®ã‚ŒãŸï¼ğŸ“¸	Captured the lake glowing brilliantly! ğŸ“¸	åˆ¥æµ·ç”º	Betsukai-chou	43.56847631660992, 145.22153851064186	scenery	others
https://x.com/akaihaato/status/1890516747750433004	ã‚ã£ã¡ã‚ƒå¤ªé™½	The sun is intense!	åˆ¥æµ·ç”º	Betsukai-chou	43.56847631660992, 145.22153851064186	scenery	others
https://x.com/akaihaato/status/1890516540509786323	åŒ—æµ·é“ã®æ—¥ã®å‡º	Sunrise in Hokkaido	åˆ¥æµ·ç”º	Betsukai-chou	43.56847631660992, 145.22153851064186	scenery	others
https://x.com/akaihaato/status/1890515958239793185	ã‚‚ã†ã™ãğŸŒ…	Almost there ğŸŒ…	åˆ¥æµ·ç”º	Betsukai-chou	43.56847631660992, 145.22153851064186	scenery	others
https://x.com/akaihaato/status/1889526375125754166	ãŸã ã„ã¾å¸°é‚„ï¼	Just got back!	é‡§è·¯é§…	Kushiro Station	42.99033844073792, 144.38227922621297	station	station
https://x.com/akaihaato/status/1889194804476817689	æ­©ã„ã¦ãŸã‚‰é¦¬ãŒã„ãŸã€‚ã‚„ã‚	I was walking and saw a horse. Hello there.	åˆ¥æµ·ç”º	Betsukai-chou	43.56847631660992, 145.22153851064186	scenery	others
https://x.com/akaihaato/status/1888914893476450812	NOW!!!â¬‡	NOW!!!â¬‡	åˆ¥æµ·ç”º	Betsukai-chou	43.56847631660992, 145.22153851064186	scenery	others
https://x.com/akaihaato/status/1887380599578730687	ã¯ã‚ã¡ã‚ƒæŠ¹èŒ¶ğŸµ		chain coffee shop chawan				
https://x.com/akaihaato/status/1887380196858470642	ã¯ã˜ã‚ã¦ã®ãƒ†ã‚£ãƒ©ãƒŸã‚¹é£Ÿã¹ãŸâ—ï¸		chain coffee shop chawan				
https://x.com/akaihaato/status/1885165353418056150	ãƒã‚­ãƒ³ãƒ¯ãƒƒãƒ•ãƒ«ã¯ã†ã¾ã„â—ï¸ï¼ˆæœ¬æ°—ï¼‰		---				
https://x.com/akaihaato/status/1885164671646523599	è´…æ²¢ãƒ¡ãƒ­ãƒ³ã‚½ãƒ¼ãƒ€ã ã‚ã‚ã‚ã‚ğŸ¤©		---				
https://x.com/akaihaato/status/1882020309664256459	æ¸©æ³‰ã„ã£ã¦ããŸã‚ˆã€œã„ã‡ã„ğŸ’		é™å²¡ 				
https://x.com/akaihaato/status/1882019923305906225	ã‚¶ãƒ»å’Œã‚’æ„Ÿã˜ã‚‹ã‚«ãƒ¼ãƒ†ãƒ³ï¼		é™å²¡ 				
https://x.com/akaihaato/status/1882019585387589835	ã“ã®æ™¯è‰²ãªã‚“ã‹å¥½ã		é™å²¡ 				
https://x.com/akaihaato/status/1869527857816592453	é§…ã®éš…ã£ã“ã§é»™ã€…ã¨ã¤ãã£ã¦ãŸèœ˜è››ã®å·£		---				
https://x.com/akaihaato/status/1868821473919746547	ãŠã—ã‚ƒã‚Œãªå±‹æ ¹ã®é›»è©±ãƒœãƒƒã‚¯ã‚¹ç™ºè¦‹ï¼ï¼	Found a phone booth with a super stylish roof!!	34.751840409637126, 135.20797346237964	34.751840409637126, 135.20797346237964	34.751840409637126, 135.20797346237964	scenery	others
https://x.com/akaihaato/status/1867592262760509499	é–‰åœ’é–“éš›ã®éŠåœ’åœ°	An amusement park right before closing time.	ã‚ˆã¿ã†ã‚Šãƒ©ãƒ³ãƒ‰	Yomiuriland	35.62412970226288, 139.5174014676337	attraction	attraction
https://x.com/akaihaato/status/1867544131469484096	å¤§å¥½ããªã‚¢ãƒˆãƒ©ã‚¯ã‚·ãƒ§ãƒ³ï¼ï¼		---				
https://x.com/akaihaato/status/1867427528895606843	è¦‹ãŸã“ã¨ãªã„é›»è©±ãƒœãƒƒã‚¯ã‚¹ã¿ã¤ã‘ãŸï¼	Discovered a phone booth Iâ€™d never seen before!	34.69320438459395, 135.19128402258147	34.69320438459395, 135.19128402258147	34.69320438459395, 135.19128402258147	scenery	others
https://x.com/akaihaato/status/1866648960112402934	ã¦ãã¦ãæ•£æ­©é“	Strolling down a quiet path.	äº•ã®é ­æ©è³œå…¬åœ’è¥¿åœ’	West Garden, Inokashira Park (äº•ã®é ­æ©è³œå…¬åœ’è¥¿åœ’)	35.699036747001074, 139.5703590711748	attraction	attraction
https://x.com/akaihaato/status/1866648318774030424	ãƒ©ãƒ”ãƒ¥ã‚¿ã¯æœ¬å½“ã«ã‚ã£ãŸã‚“ã ï¼ï¼ï¼	Laputa really does exist!!!	ä¸‰é·¹ã®æ£®ã‚¸ãƒ–ãƒªç¾è¡“é¤¨	Ghibli Museum, Mitaka	35.69627380579179, 139.5704252933887	attraction	attraction
https://x.com/akaihaato/status/1865684744601747867	è¦ªå­3åŒ¹ãƒ‘ã‚·ãƒ£ãƒªğŸ“¸		??				
https://x.com/akaihaato/status/1865684482776535359	ã‚ã£ãŸã‹ã„æ™¯è‰²ã«ã»ã£ã“ã‚ŠğŸ		??				
https://x.com/akaihaato/status/1864802464253575345	ã“ã®è‡ªè²©æ©Ÿã‹ã‚ã„ãã¦ä¸Šå“ã§å¥½ã		??				
https://x.com/akaihaato/status/1864798634006712678	ã²ã¤ã˜ã®æ©‹æ¸¡ASMR		??				
https://x.com/akaihaato/status/1863533649418940817	è„±å‡ºã‚²ãƒ¼ãƒ ã¿ãŸã„ãªä¸‰æŠãƒ‰ã‚¢		?				
https://x.com/akaihaato/status/1863533483051864515	çŒ›çƒˆã«ãƒ€ãƒƒã‚·ãƒ¥ã™ã‚‹éå¸¸å£ã®äºº		?				
https://x.com/akaihaato/status/1863532922852311066	ä¸‹ã«ãƒˆã‚¤ãƒ¬ãŒã‚ã‚‹ã‚‰ã—ã„		?				
https://x.com/akaihaato/status/1863531868307718290	SAKUSAKU FISH&CHIPS!!!		?				
https://x.com/akaihaato/status/1862880447468105755	12æœˆã«ãªã£ãŸã®ã§ä½•æ°—ãªã„é¢¨æ™¯è¼‰ã›ã‚‹	Now that it's December, Iâ€™m sharing some everyday scenery.	åƒå…‰å¯ºè¸åˆ‡ä¸‹	Senkoji Fumikiri Shita	34.408916080272526, 133.20108029403914	scenery	others
https://x.com/akaihaato/status/1861191247190442138	ã‚½ãƒ­ãƒœãƒ¼ãƒˆãƒ‘ãƒ¼ãƒˆ2	Solo Boat Part 2	äº•ã®é ­å…¬åœ’ ãƒœãƒ¼ãƒˆå ´	Inokashira Boat house	35.69950256848502, 139.57713765175905	sail	sail
https://x.com/akaihaato/status/1861190768167395400	ã‚½ãƒ­ãƒœãƒ¼ãƒˆã‚’ã‚­ãƒ¡ã¦æ¸‹æ»ã—ã¦ã‚‹æ§˜å­	A scene of solo boats causing a traffic jam	äº•ã®é ­å…¬åœ’ ãƒœãƒ¼ãƒˆå ´	Inokashira Boat house	35.69950256848502, 139.57713765175905	sail	sail
https://x.com/akaihaato/status/1861189247371485572	ãƒ©ã‚ªãƒ©ã¡ã‚ƒã‚“ã¨ãƒ‡ãƒ¼ãƒˆã—ãŸæ™‚ã®ğŸ“·ğŸ’­ Ì–Ì-	From the time I went on a date with Raora-chan ğŸ“·ğŸ’­ Ì–Ì- 	äº•ã®é ­å…¬åœ’ ãƒœãƒ¼ãƒˆå ´	Inokashira Boat house	35.69950256848502, 139.57713765175905	sail	sail
https://x.com/akaihaato/status/1861189024767172723	ã½ã‹ã½ã‹ãƒœãƒ¼ãƒˆæ—¥å’Œ	It was the perfect warm day for boating	äº•ã®é ­å…¬åœ’ ãƒœãƒ¼ãƒˆå ´	Inokashira Boat house	35.69950256848502, 139.57713765175905	sail	sail
https://x.com/akaihaato/status/1860887708765466840	ã“ã®æ™¯è‰²ãªã‚“ã‹å¥½ã	I really like this kind of view	äº•ã®é ­æ©è³œå…¬åœ’	Inokashira Park	35.69978841112956, 139.57370129638383	attraction	attraction
https://x.com/akaihaato/status/1860471243100815780	èœ˜è››ãã‚“ã€ä¸€ä½“ã©ã†ã‚„ã£ãŸã®ãã‚Œãƒ»ãƒ»ãƒ»		--				
https://x.com/akaihaato/status/1860469532005192000	ã‚‚ãã‚‚ãç…™		?				
https://x.com/akaihaato/status/1860085105743761847	ã¬ãã¬ãæ—¥é™°ã”ã£ã“		--				
https://x.com/akaihaato/status/1860001073639145698	ã²ã‚‡ã£ã“ã‚Šå¯Œå£«å±±	Spotted Mt. Fuji peeking out.	æ±äº¬ã‚¹ã‚«ã‚¤ãƒ„ãƒªãƒ¼	Tokyo Skytree	35.71007572622143, 139.81070098024628	attraction	attraction
https://x.com/akaihaato/status/1859168138086293732	ã“ã“ã¯æ±äº¬ğŸ—¼	This is Tokyo ğŸ—¼	æ±äº¬ã‚¿ãƒ¯ãƒ¼	Tokyo Tower	35.6585934355728, 139.74543103790285	attraction	attraction
https://x.com/akaihaato/status/1857873752685686899	ç†Šå‡ºæ²¡æ³¨æ„		é¦¬è¿”ã—ï¼Ÿï¼Ÿ				
https://x.com/akaihaato/status/1857450722880819415	å¯Œå£«ã‚¸ãƒ£ãƒ³ã‚°ãƒ«		--				
https://x.com/akaihaato/status/1856728889114189861	å±±ã®æ± ã«ã„ãŸé¯‰	A koi in a mountain pond.	çŸ³åˆ‡ã‚Šå ´ï¼ˆé‹¸å±±ï¼‰	Ishikiriba, Nokogiri-yama	35.15995001710424, 139.83431439929112	attraction	attraction
https://x.com/akaihaato/status/1855336613020422220	åœ°ä¸‹é‰„ã®è£é“		--				
https://x.com/akaihaato/status/1855335679737438403	4æ™‚44åˆ†ã«ãªã£ãŸã®ã§éšæ®µã®å†™çœŸã€€ã¯ãªã‹ã£ãŸã®ã§çœŸå¤œä¸­ã®é“	It was 4:44 AM, and here a photo of the stairs... but instead this is a midnight road.	35.460509139819, 138.78222347316614	35.460509139819, 138.78222347316614	35.460509139819, 138.78222347316614	scenery	others
https://x.com/akaihaato/status/1854077065655631971	å“€æ„æ¼‚ã†é›»å­ãƒ¬ãƒ³ã‚¸		--				
https://x.com/akaihaato/status/1853815800819585500	å¤§æ•£æ­©ã—ã¦ããŸï¼âœŒï¸		--				
https://x.com/akaihaato/status/1853815584292852090	å¤§æ•£æ­©ã—ã¦ããŸï¼âœŒï¸		--				
https://x.com/akaihaato/status/1853717212361884087	ã“ã‚Œã¯æµçŸ³ã«è‹¥å¹²é­é›£		--				
https://x.com/akaihaato/status/1853098504039842055	æŸµã‚’èˆã‚å›ã™ã“ã¨ã«æ¥½ã—ã¿ã‚’è¦‹å‡ºã—ãŸãƒ¤ã‚®		--				
https://x.com/akaihaato/status/1853097374010552547	é™½æ°—ã«ã‚¹ãƒ©ã‚¤ãƒ‡ã‚£ãƒ³ã‚°ã™ã‚‹äºº	A cheerful person sliding around.	äº•ã®é ­æ©è³œå…¬åœ’	Inokashira Park	35.69978841112956, 139.57370129638383	attraction	attraction
https://x.com/akaihaato/status/1852002162576089118	ã“ã®ãŠåŒ–ã‘å±‹æ•·ã€€ç«ç½å ±çŸ¥å™¨ã‹ã‚‰ä½œã‚Šè¾¼ã¿ãŒå‡„ã„		--				
https://x.com/akaihaato/status/1851998427342872715	HI HELLOWEENğŸ˜ƒğŸ¤	HI HELLOWEENğŸ˜ƒğŸ¤	--				
https://x.com/akaihaato/status/1851571752092020807	å±•æœ›å°ã‹ã‚‰ã®æ™¯è‰²ãŒæœ€é«˜ã§ã—ãŸï¼	The view from the observation deck was absolutely stunning!	å…­ç”²å±±å¤©è¦§å°	Rokkosan Observation Deck	34.75194237153049, 135.23724345775952	attraction	attraction
https://x.com/akaihaato/status/1851569100319039713	ã˜ãƒ¼ã‚“ã¨ãã‚‹å¤•æ—¥	A sunset that really hit me in the heart.	å…­ç”²å±±ä¸Šãƒã‚¹åœ	Rokko Sanjo Bus Stop	34.75219794462991, 135.23665672805777	scenery	others
https://x.com/akaihaato/status/1851103096040276364	ãŠã‚„ã¤ã‚’ã‚ã’ãŸæ™‚ã¯ç‰©å‡„ã„å¸å¼•åŠ›ã§ã‚ã£ã¨ã„ã†é–“ã«é£Ÿã¹ãã‚Šã€ãã£ã‘ãªã„æ…‹åº¦ã«ãªã‚Šã¾ã—ãŸã€‚ã€€ã‚„ã‘ã«ãƒ„ãƒ³ãƒ‡ãƒ¬ã ãªã¨æ€ã„ã€ä½•åº¦ã‚‚ãŠã‚„ã¤ã‚’ã‚ã’ã‚‹ã†ã¡ã«æ°—ã¥ã„ãŸã‚‰è™œã«ãªã£ã¦ã„ã¾ã—ãŸã€‚	When I gave it a snack, it devoured it with incredible suction power and then acted totally indifferent. I thought, 'Wow, such a tsundere,"" and before I knew it, I was completely hooked after giving it snacks over and over.	ç¥æˆ¶å¸‚ç«‹å…­ç”²å±±ç‰§å ´	Rokkosan Bokujo	34.75159702062092, 135.20900189549533	attraction	attraction
https://x.com/akaihaato/status/1851098920606404739	è‡ªåˆ†ã‚’é¦¬ã ã¨æ€ã„è¾¼ã‚“ã§ã‚‹ç´›ã‚Œã‚‚ãªã„ç‰›ã€€ãã®åã‚‚ã€Œãƒ©ãƒ³ãƒœãƒ«ã‚®ãƒ¼ãƒ‹ã€	A cow that genuinely believes it's a horse. Its name is â€œLamborghiniâ€.	ç¥æˆ¶å¸‚ç«‹å…­ç”²å±±ç‰§å ´	Rokkosan Bokujo	34.75159702062092, 135.20900189549533	attraction	attraction
https://x.com/akaihaato/status/1850934079891615773	ã®ã‚“ã³ã‚Šç‰§å ´ã•ã‚“ã½	A leisurely stroll through the ranch.	ç¥æˆ¶å¸‚ç«‹å…­ç”²å±±ç‰§å ´	Rokkosan Bokujo	34.75159702062092, 135.20900189549533	attraction	attraction
https://x.com/akaihaato/status/1850933406617747661	å‡›ã€…ã—ã„ä½‡ã¾ã„ã§ã™ã­	Such a dignified presence.	ç¥æˆ¶å¸‚ç«‹å…­ç”²å±±ç‰§å ´	Rokkosan Bokujo	34.75159702062092, 135.20900189549533	attraction	attraction
https://x.com/akaihaato/status/1850507864206663798	ãƒ•ãƒ³é£Ÿã¹ã¦ã‚‹ã¨æ€ã£ãŸã‚‰ã€€ãƒ–ãƒ«ãƒ¼ãƒ™ãƒªãƒ¼é£Ÿã¹ã¦ãŸãƒˆãƒŠã‚«ã‚¤		---				
https://x.com/akaihaato/status/1850507267604632020	ç¶ºéº—ãªæ™¯è‰²ã¨æ€ªã—ã„ãƒ©ã‚¯ã‚¬ã‚­	Beautiful scenery and some suspicious graffiti.	äºŒå­æ©‹	Futako Bridge	35.610661742347, 139.6253026692295	scenery	others
https://x.com/akaihaato/status/1850506611271627134	ã“ã“ã€å£ã‚¸ãƒ£ãƒ³ãƒ—ã®ç·´ç¿’ã§ããã†	Looks like a good spot to practice wall jumps.	é‹¸å±±	Nokogiri-yama	35.1655096094454, 139.82754481114503	attraction	attraction
https://x.com/akaihaato/status/1850175645869117490	é ç›®ã‹ã‚‰è¦‹ã¦é»„æ˜ã‚‹ãªã©ã—ãŸ	I gazed at it from afar, lost in thought.	äº¬ç‹ã‚ˆã¿ã†ã‚Šãƒ©ãƒ³ãƒ‰é§…	Keio-yomiuri-land Station	35.632924631073756, 139.5173535552514	station	station
https://x.com/akaihaato/status/1850173981745434945	ã‚¦ã‚­ã‚¦ã‚­ã§éŠåœ’åœ°å‘ã‹ã£ãŸã‚‰ã€€ä¼‘åœ’ã ã£ãŸæ™‚ã®å†™çœŸğŸ“·	A photo from the time I headed excitedly to the amusement park... only to find it was closed ğŸ“·	äº¬ç‹ã‚ˆã¿ã†ã‚Šãƒ©ãƒ³ãƒ‰é§…	Keio-yomiuri-land Station	35.632924631073756, 139.5173535552514	station	station
https://x.com/akaihaato/status/1849850028237652436	å¯Œå£«å±±ã ï¼ï¼ï¼	It's Mt. Fuji!!!	35.14852152030502, 138.62504821350728	35.14852152030502, 138.62504821350728	35.14852152030502, 138.62504821350728	station	station
https://x.com/akaihaato/status/1849847095618097579	é›¨ã®æ—¥USJ	Rainy day at Universal Studios Japan.	ãƒ¡ãƒ«ã‚ºãƒ»ãƒ‰ãƒ©ã‚¤ãƒ–ã‚¤ãƒ³ï¼ˆUSJï¼‰	Melâ€™s Drive In (USJ)	34.665726687300946, 135.43394111799105	restaurant	restaurant
https://x.com/akaihaato/status/1848766566462283847	ãƒãƒªãƒãƒªã§ãƒãƒ¼ã‚¸ãƒ³ã‚°ã—ã¦ãã‚ŒãŸç¾ŠãŸã¡		?				
https://x.com/akaihaato/status/1848763518532952099	ç¾ŠãŸã¡ã®æ”¾ç‰§		?				
https://x.com/akaihaato/status/1848029940849275240	é™ºã—ã„é¡”ã®ãƒ•ã‚¯ãƒ­ã‚¦ã•ã‚“ã€€ä½•åº¦è¦‹ã¦ã‚‚ã‹ã‚ã„ã„â€¦		Owl Cafe Ikebukuro				
https://x.com/akaihaato/status/1848026168068567318	å¤œã®æ•£æ­©é“		---				
https://x.com/akaihaato/status/1846467997189505090	æ™‚ã«ã¯ç´…è‘‰è¸ã¿åˆ†ã‘ğŸ		---				
https://x.com/akaihaato/status/1846466382067896752	ã¨ã‚ã‚‹é›ªã®æ—¥â˜ƒï¸		---				
https://x.com/akaihaato/status/1846465134040068524	ã‚¤ã‚¨ãƒ­ãƒ¼ã‚«ãƒ¼ãƒšãƒƒãƒˆğŸ		---				
https://x.com/akaihaato/status/1844758626675929106	çœŸã£èµ¤ãªå¤•ç„¼ã‘		---				
https://x.com/akaihaato/status/1844399290292240597	å¤ã®çµ‚ã‚ã‚Š		---				
https://x.com/akaihaato/status/1844397836038963298	è±Šã‹ãªè¡—ä¸¦ã¿		---				
https://x.com/akaihaato/status/1844060553767158168	ã¡ã‚‡ã£ã¨ä¸€æ¯ã€‚	A little breather.	ãƒ¤ãƒã‚¶ã‚­Yã‚·ãƒ§ãƒƒãƒ— æ²¼ç”°é§…å‰åº—	Yamazaki Y Shop (Numataekimae)	36.64237511748462, 139.03624637021318	shop	shop
https://x.com/akaihaato/status/1844051014128955575	ã½ã‹ã½ã‹ã®æ™¯è‰²		---				
https://x.com/akaihaato/status/1842941018704081063	1æšç›®: é³©ã€Œã—ã‚…ã‚“â€¦â€¦ã€ã€€2æšç›®:é³©ã€Œä¿ºã®æ¨ªé¡”ã‚’è¦‹ã‚ï¼ã€ã€€3æšç›®:ï¾„ï¾˜ã€Œã†ã²ã‚ƒã€œã‚¹ãƒªãƒ«ã€œã€œã€œï¼ã€		---				
https://x.com/akaihaato/status/1842195233121206350	ç›—ã¿èãã€€æœ¨ã®æˆæœã‚‚ã­ã€€å‚ã‚Œã‚‹è€³		---				
https://x.com/akaihaato/status/1841499467939475897	é£›ã‚“ã§ç«ã«å…¥ã‚‹å¤ã®è¶		---				
https://x.com/akaihaato/status/1841456485512958442	é›ªã ã‚‹ã¾ç¦æ­¢ãƒãƒ¼ã‚¯ã«è¦‹ãˆãŸ		---				
https://x.com/akaihaato/status/1841117089341587702	PICK ME UP CHAMA!		---				
https://x.com/akaihaato/status/1840671374786109807	å¤•ç„¼ã‘ãƒ”ã‚«ãƒ¼ãƒ³ï¼		---				
https://x.com/akaihaato/status/1840218647383683484	Good noises and viewğŸ–	Good noises and viewğŸ–	Santa Monica Pier	Santa Monica Pier	34.00829324677788, -118.49875869395203	attraction	attraction
https://x.com/akaihaato/status/1839775036615602188	é€šã‚Šã™ãŒã‚Šã®æ—…å®¢æ©Ÿ	A passing airplane overhead.	In-N-Out Burger (N. Sepulveda Blvd)	In-N-Out Burger (N. Sepulveda Blvd)	33.95371347096796, -118.39678313791504	restaurant	restaurant
https://x.com/akaihaato/status/1839006804744786232	AMERICAN SHRIMP!!!ğŸ¦		---				
https://x.com/akaihaato/status/1838996568994934794	çœŸã£èµ¤ãªå¤ªé™½	A blazing red sun.	ã‚µãƒ³ã‚¿ãƒ¢ãƒ‹ã‚«ãƒ”ã‚¢	Santa Monica Pier	34.0082961182542, -118.49875838481455		
https://x.com/akaihaato/status/1838994931748315599	è¯éº—ã«å†™ã‚Šè¾¼ã‚€ã‚«ãƒ¢ãƒ¡	A seagull elegantly photobombs the shot.	ã‚µãƒ³ã‚¿ãƒ¢ãƒ‹ã‚«ãƒ”ã‚¢	Santa Monica Pier	34.0082961182542, -118.49875838481455		
https://x.com/akaihaato/status/1836284522771681577	å®¶æ—ã§è¡Œã£ãŸã‚‰äºˆç´„ãŒ1çµ„ã§å®Ÿè³ªè²¸åˆ‡ã€€åˆã‚°ãƒ©ãƒ³ãƒ”ãƒ³ã‚°ï¼ã€€é‹ãŒè‰¯ã‹ã£ãŸã€‚	Went glamping with the family with only one reservation that day. We basically had the whole place to ourselves. First time glamping! Lucky us.	æ™‚ä¹‹æ – OUTDOOR HILL VILLAGE ã‚­ãƒ£ãƒ³ãƒ—ã‚µã‚¤ãƒˆ	Toki no Sumika Outdoor Hill Village	35.237908405968184, 138.92964394110388	hotel	hotel
https://x.com/akaihaato/status/1835880929669296606	é›»è©±ãƒœãƒƒã‚¯ã‚¹ã«èŠ½ãŒã¡ã‚‰ã‚Šã€‚		---				
https://x.com/akaihaato/status/1835325600162079109	ã“ã“ã¯ã‚µãƒãƒ³ãƒŠã€‚ã€€ã¨æ€ãˆã°ã‚µãƒãƒ³ãƒŠã€‚		---				
https://x.com/akaihaato/status/1835111742126669871	æœã ã‚ã‚ã‚ã‚ã‚ã‚ã‚ã‚ï¼		---				
https://x.com/akaihaato/status/1834415018835935699	ä¿¡å·å¾…ã¡ã—ãªãŒã‚‰çœºã‚ã¦ãŸã‚‰ã€€åºƒå‘Šã«ç¬‘ã£ãŸã€‚	While waiting at a traffic light, I glanced up and laughed at an ad.	æ¸‹è°·é§…	Shibuya Station	35.65964296090774, 139.70039725631207	scenery	others
https://x.com/akaihaato/status/1833884924102824076	åœ°å¹³ç·šã¯ã¯ã‚‹ã‹é ãã€‚ã€€éå¸¸å£ã¯å³ä¸Šã€‚	The horizon stretches endlessly. Emergency exit at the top right.	ã‚µãƒ³ã‚·ãƒ£ã‚¤ãƒ³60å±•æœ›å° ã¦ã‚“ã¼ã†ãƒ‘ãƒ¼ã‚¯	Sunshine 60 Observatory	35.72929389255646, 139.71830976736268	attraction	attraction
https://x.com/akaihaato/status/1833325253935960083	å¤œã«å£ç¬›ã‚’å¹ãã¨è›‡ãŒå‡ºã‚‹ã¨ã‹ã€è›‡ã®æŠœã‘æ®»ã‚’è²¡å¸ƒã«ã—ã¾ã†ã¨é‡‘é‹ãŒä¸ŠãŒã‚‹ã¨ã‹è‰²ã‚“ãªè¨€ã„ä¼ãˆã‚’æ€ã„å‡ºã—ãŸã€‚å£ç¬›ã§æ¼”å¥ã§ããŸã‚‰æ¥½ã—ãã†ï¼ã€€å‹•ç‰©åœ’ã®çˆ¬è™«é¡ã‚³ãƒ¼ãƒŠãƒ¼ã§ã¯ãƒ˜ãƒ“èªã”ã£ã“ã‚’ã—ã¡ã‚ƒã†ãã‚‰ã„ãƒ¯ã‚¯ãƒ¯ã‚¯ã™ã‚‹ã€‚ã€€ãƒãƒªãƒã‚¿ã®å½±éŸ¿ã¯å¤§ãã„ã€‚		?				
https://x.com/akaihaato/status/1833324280664453372	å‹•ç‰©ã‚«ãƒ•ã‚§ã§åˆã‚ã¦è§¦ã‚Œåˆã£ãŸç™½è›‡ã¡ã‚ƒã‚“ã€€äººæ‡ã£ã“ãã¦æ„å¤–ã¨é‡ã¿ãŒã‚ã£ãŸï¼ã‹ã‚ã„ã„â€¦		?				
https://x.com/akaihaato/status/1833006792940695946	è½ã¡ç€ãæ™¯è‰²ã€‚		---				
https://x.com/akaihaato/status/1832257072848892183	ãŠã¨ãªã—ã‹ã®ã“		---				
https://x.com/akaihaato/status/1832254601564975500	ç§‹ã®ç´…è‘‰ãŒå¾…ã¡é ã—ã„ğŸ		---				
https://x.com/akaihaato/status/1832253306447786122	æœæ—¥ãŒè¦‹ãˆãŸã€‚ã€€ã“ã“ã¯ã€åºƒå³¶ã€‚	Caught the sunrise. This is Hiroshima.	å°¾é“ï¼Ÿ	Onomichi?	34.385135335963156, 132.45412596575167	scenery	others
https://x.com/akaihaato/status/1831205493546856654	ãƒãƒ©è¦‹ãˆã™ã‚‹å¯Œå£«å±±ã‚’æ€ã‚ãšãƒ‘ã‚·ãƒ£ãƒªğŸ—»		---				
https://x.com/akaihaato/status/1831204926640521528	æ—¥æœ¬ã«ã¯ã€å¯Œå£«å±±ãŒã„ã‚‹ã€‚		---				
https://x.com/akaihaato/status/1830616794572476593	ã„ã„äººç”Ÿã ã£ãŸãªãã€‚		---				
https://x.com/akaihaato/status/1828650112211702174	æ°´æ—é¤¨ã®ãƒ€ã‚¤ãƒãƒ¼ã•ã‚“ã¨é­šé”		---				
https://x.com/akaihaato/status/1826515972662198576	é›¨ä¸ŠãŒã‚Šã®æ±Ÿãƒå³¶ğŸŒ…ã€€å¤ªé™½ãã‚“ã€ã„ã„æ³¢ä¹—ã£ã¦ã‚“ã­ã‡	After the rain in Enoshima ğŸŒ…. Mr. Sun, you're riding those waves like a pro.	æ±Ÿã®å³¶å²©å±‹æ©‹	Enoshima Iwaya Bridge	35.29867699578147, 139.4750320743761	attraction	attraction
https://x.com/akaihaato/status/1826232594666754271	ã‚¨ãƒ¢ã„æ™¯è‰²ãŒæ’®ã‚ŠãŸã„ãƒ»ãƒ»ãƒ»âœ¨	I just want to capture an emo view...âœ¨	ãƒ“ãƒƒã‚°ãƒ™ãƒ³ é›»è©±ãƒœãƒƒã‚¯ã‚¹ (K2 Telephone Box)	K2 Telephone Box	51.50118879753255, -0.1267428967875717	attraction	attraction
https://x.com/akaihaato/status/1825765444571247031	NANDOSã®ã‚¹ãƒ‘ã‚¤ã‚·ãƒ¼ãƒã‚­ãƒ³ç¥ğŸ‘ã€€æ˜”é£Ÿã¹ã¦ã¦ãƒ‰ãƒãƒã‚Šã—ã¦ãŸå‘³ï¼ã€€ã¾ãŸé£Ÿã¹ã‚Œã¦æ„Ÿå‹•ğŸ˜­	NANDOS spicy chicken is divine ğŸ‘! I used to be obsessed with that flavor. So happy I got to taste it again ğŸ˜­	Nando's Earl's Court	Nando's Earl's Court	51.49262802016091, -0.19385775776681044	restaurant	restaurant
https://x.com/akaihaato/status/1815252571428389042	ã‚ãªãŸã€ã‚³ã‚¤ã£ã¦ã„ã†ã®ã­ï¼ï¼ï¼	I bet your name's Totoro, isn't it?	çŸ³åˆ‡ã‚Šå ´ï¼ˆé‹¸å±±ï¼‰	Ishikiriba, Nokogiri-yama	35.15995001710424, 139.83431439929112	attraction	attraction
https://www.youtube.com/watch?v=lBjRltNv0jc	ã€ ã¼ã£ã¡æ—… ã€‘å¤ä¼‘ã¿ã«å¤¢ã®å›½ã¸ãƒ»ãƒ»ãƒ»ã€ãƒ›ãƒ­ãƒ©ã‚¤ãƒ–/ã¯ã‚ã¡ã‚ƒã¾ã€‘	[Solo Trip] Off to the land of dreams for summer vacationâ€¦	æ±äº¬ãƒ‡ã‚£ã‚ºãƒ‹ãƒ¼ãƒ©ãƒ³ãƒ‰	Tokyo Disneyland	35.63290553517638, 139.88039502351245	attraction	attraction
https://www.youtube.com/watch?v=PNe3lhd41FY	ã€ ã¼ã£ã¡æ—… ã€‘ã‚«ãƒƒãƒ—ãƒ«ã ã‚‰ã‘ã§ç²¾ç¥å´©å£Šï¼ï¼Ÿã€ in æ±Ÿãƒå³¶ã€‘	[Solo Trip] Mentally breaking down surrounded by couples!? [in Enoshima]	æ±Ÿã®å³¶	Enoshima	35.299097541224235, 139.48090760616074	attraction	attraction
https://www.youtube.com/watch?v=hEx1NJeyJsU	ã€ ã¼ã£ã¡æ—… ã€‘å˜ä½è½ã¨ã—ã¦å‚·å¿ƒæ—…è¡Œã€ãƒ›ãƒ­ãƒ©ã‚¤ãƒ–/ã¯ã‚ã¡ã‚ƒã¾ã€‘	[Solo Trip] Heartbroken journey after failing a class [Hololive / Haachama]	æ±Ÿã®å³¶	Enoshima	35.299097541224235, 139.48090760616074	attraction	attraction